Date,Open,price
01/10/2010,NSRGY,53.779999
04/10/2010,NSRGY,53.599998
05/10/2010,NSRGY,54.380001
06/10/2010,NSRGY,54.799999
07/10/2010,NSRGY,54.77
08/10/2010,NSRGY,54.48
11/10/2010,NSRGY,54.130001
12/10/2010,NSRGY,54.720001
13/10/2010,NSRGY,54.689999
14/10/2010,NSRGY,54.860001
15/10/2010,NSRGY,54.509998
18/10/2010,NSRGY,54.650002
19/10/2010,NSRGY,53.400002
20/10/2010,NSRGY,54.299999
21/10/2010,NSRGY,55.220001
22/10/2010,NSRGY,53.869999
25/10/2010,NSRGY,54.779999
26/10/2010,NSRGY,54.189999
27/10/2010,NSRGY,53.82
28/10/2010,NSRGY,54.549999
29/10/2010,NSRGY,54.849998
01/11/2010,NSRGY,54.400002
02/11/2010,NSRGY,55.439999
03/11/2010,NSRGY,56.16
04/11/2010,NSRGY,58.040001
05/11/2010,NSRGY,58.25
08/11/2010,NSRGY,57.669998
09/11/2010,NSRGY,56.950001
10/11/2010,NSRGY,56.669998
11/11/2010,NSRGY,56.279999
12/11/2010,NSRGY,56.040001
15/11/2010,NSRGY,55.889999
16/11/2010,NSRGY,54.830002
17/11/2010,NSRGY,54.959999
18/11/2010,NSRGY,55.779999
19/11/2010,NSRGY,56.290001
22/11/2010,NSRGY,56.07
23/11/2010,NSRGY,54.970001
24/11/2010,NSRGY,55.799999
26/11/2010,NSRGY,56.529999
29/11/2010,NSRGY,56.09
30/11/2010,NSRGY,54.73
01/12/2010,NSRGY,55.029999
02/12/2010,NSRGY,56.07
03/12/2010,NSRGY,56.700001
06/12/2010,NSRGY,56.060001
07/12/2010,NSRGY,55.82
08/12/2010,NSRGY,56.279999
09/12/2010,NSRGY,56.43
10/12/2010,NSRGY,56.799999
13/12/2010,NSRGY,57.580002
14/12/2010,NSRGY,58.139999
15/12/2010,NSRGY,57.150002
16/12/2010,NSRGY,57.939999
17/12/2010,NSRGY,57.700001
20/12/2010,NSRGY,57.849998
21/12/2010,NSRGY,58.490002
22/12/2010,NSRGY,58.869999
23/12/2010,NSRGY,58.990002
27/12/2010,NSRGY,58.950001
28/12/2010,NSRGY,59.360001
29/12/2010,NSRGY,59.279999
30/12/2010,NSRGY,58.330002
31/12/2010,NSRGY,58.82
03/01/2011,NSRGY,59.310001
04/01/2011,NSRGY,57.669998
05/01/2011,NSRGY,56.200001
06/01/2011,NSRGY,55.5
07/01/2011,NSRGY,55.619999
10/01/2011,NSRGY,55.360001
11/01/2011,NSRGY,55.290001
12/01/2011,NSRGY,55.529999
13/01/2011,NSRGY,53.82
14/01/2011,NSRGY,53.790001
18/01/2011,NSRGY,54.439999
19/01/2011,NSRGY,54.93
20/01/2011,NSRGY,54.259998
21/01/2011,NSRGY,54.889999
24/01/2011,NSRGY,55.970001
25/01/2011,NSRGY,56
26/01/2011,NSRGY,55.330002
27/01/2011,NSRGY,54.470001
28/01/2011,NSRGY,54.169998
31/01/2011,NSRGY,54.220001
01/02/2011,NSRGY,55.200001
02/02/2011,NSRGY,55
03/02/2011,NSRGY,55
04/02/2011,NSRGY,54.450001
07/02/2011,NSRGY,54
08/02/2011,NSRGY,53.43
09/02/2011,NSRGY,52.869999
10/02/2011,NSRGY,53.150002
11/02/2011,NSRGY,53.439999
14/02/2011,NSRGY,53.400002
15/02/2011,NSRGY,54.310001
16/02/2011,NSRGY,54.720001
17/02/2011,NSRGY,55.73
18/02/2011,NSRGY,55.389999
22/02/2011,NSRGY,55.650002
23/02/2011,NSRGY,56.709999
24/02/2011,NSRGY,56.779999
25/02/2011,NSRGY,56.400002
28/02/2011,NSRGY,56.619999
01/03/2011,NSRGY,56.459999
02/03/2011,NSRGY,56.950001
03/03/2011,NSRGY,56.84
04/03/2011,NSRGY,55.98
07/03/2011,NSRGY,55.860001
08/03/2011,NSRGY,55.509998
09/03/2011,NSRGY,55.669998
10/03/2011,NSRGY,55.209999
11/03/2011,NSRGY,55.540001
14/03/2011,NSRGY,55.43
15/03/2011,NSRGY,53.860001
16/03/2011,NSRGY,53.66
17/03/2011,NSRGY,55.330002
18/03/2011,NSRGY,55.009998
21/03/2011,NSRGY,56.32
22/03/2011,NSRGY,55.860001
23/03/2011,NSRGY,56.91
24/03/2011,NSRGY,57.02
25/03/2011,NSRGY,56.77
28/03/2011,NSRGY,57.099998
29/03/2011,NSRGY,57.23
30/03/2011,NSRGY,57.990002
31/03/2011,NSRGY,57.48
01/04/2011,NSRGY,57.259998
04/04/2011,NSRGY,57.560001
05/04/2011,NSRGY,57.68
06/04/2011,NSRGY,58.080002
07/04/2011,NSRGY,57.990002
08/04/2011,NSRGY,58.290001
11/04/2011,NSRGY,58.48
12/04/2011,NSRGY,58.610001
13/04/2011,NSRGY,58.73
14/04/2011,NSRGY,59.799999
15/04/2011,NSRGY,61.139999
18/04/2011,NSRGY,58.400002
19/04/2011,NSRGY,59.490002
20/04/2011,NSRGY,60.400002
21/04/2011,NSRGY,61.09
25/04/2011,NSRGY,61.419998
26/04/2011,NSRGY,61.610001
27/04/2011,NSRGY,61.849998
28/04/2011,NSRGY,61.580002
29/04/2011,NSRGY,62.200001
02/05/2011,NSRGY,62.470001
03/05/2011,NSRGY,62.849998
04/05/2011,NSRGY,62.740002
05/05/2011,NSRGY,61.91
06/05/2011,NSRGY,61.419998
09/05/2011,NSRGY,61.849998
10/05/2011,NSRGY,61.349998
11/05/2011,NSRGY,60.66
12/05/2011,NSRGY,61.900002
13/05/2011,NSRGY,61.349998
16/05/2011,NSRGY,61.75
17/05/2011,NSRGY,61.75
18/05/2011,NSRGY,62.299999
19/05/2011,NSRGY,62.419998
20/05/2011,NSRGY,62.25
23/05/2011,NSRGY,61.950001
24/05/2011,NSRGY,62
25/05/2011,NSRGY,62.360001
26/05/2011,NSRGY,63.310001
27/05/2011,NSRGY,63.849998
31/05/2011,NSRGY,64.330002
01/06/2011,NSRGY,63.59
02/06/2011,NSRGY,64.25
03/06/2011,NSRGY,64.800003
06/06/2011,NSRGY,64.230003
07/06/2011,NSRGY,63.77
08/06/2011,NSRGY,63.549999
09/06/2011,NSRGY,63.389999
10/06/2011,NSRGY,62.5
13/06/2011,NSRGY,62.830002
14/06/2011,NSRGY,62.830002
15/06/2011,NSRGY,61.349998
16/06/2011,NSRGY,61.459999
17/06/2011,NSRGY,61.880001
20/06/2011,NSRGY,62.349998
21/06/2011,NSRGY,62.560001
22/06/2011,NSRGY,61.849998
23/06/2011,NSRGY,61.639999
24/06/2011,NSRGY,61.700001
27/06/2011,NSRGY,62.060001
28/06/2011,NSRGY,62.189999
29/06/2011,NSRGY,61.939999
30/06/2011,NSRGY,62.380001
01/07/2011,NSRGY,62.23
05/07/2011,NSRGY,63.099998
06/07/2011,NSRGY,62.849998
07/07/2011,NSRGY,62.669998
08/07/2011,NSRGY,63.009998
11/07/2011,NSRGY,62.290001
12/07/2011,NSRGY,62.299999
13/07/2011,NSRGY,62.700001
14/07/2011,NSRGY,62.959999
15/07/2011,NSRGY,63.299999
18/07/2011,NSRGY,61.91
19/07/2011,NSRGY,62.119999
20/07/2011,NSRGY,62.419998
21/07/2011,NSRGY,63.290001
22/07/2011,NSRGY,63.450001
25/07/2011,NSRGY,64.360001
26/07/2011,NSRGY,64.489998
27/07/2011,NSRGY,63.59
28/07/2011,NSRGY,63.209999
29/07/2011,NSRGY,63.75
01/08/2011,NSRGY,63.900002
02/08/2011,NSRGY,64.199997
03/08/2011,NSRGY,63.970001
04/08/2011,NSRGY,61.75
05/08/2011,NSRGY,62.200001
08/08/2011,NSRGY,59.720001
09/08/2011,NSRGY,63.900002
10/08/2011,NSRGY,62.68
11/08/2011,NSRGY,62.450001
12/08/2011,NSRGY,63.490002
15/08/2011,NSRGY,62.82
16/08/2011,NSRGY,63.049999
17/08/2011,NSRGY,64.300003
18/08/2011,NSRGY,62.349998
19/08/2011,NSRGY,60.990002
22/08/2011,NSRGY,61.709999
23/08/2011,NSRGY,62.740002
24/08/2011,NSRGY,63.349998
25/08/2011,NSRGY,62.25
26/08/2011,NSRGY,62.18
29/08/2011,NSRGY,62.549999
30/08/2011,NSRGY,60.630001
31/08/2011,NSRGY,62.080002
01/09/2011,NSRGY,62.459999
02/09/2011,NSRGY,62.599998
06/09/2011,NSRGY,58.639999
07/09/2011,NSRGY,58.580002
08/09/2011,NSRGY,57.18
09/09/2011,NSRGY,56.029999
12/09/2011,NSRGY,55.900002
13/09/2011,NSRGY,56.150002
14/09/2011,NSRGY,56.790001
15/09/2011,NSRGY,56.639999
16/09/2011,NSRGY,55.889999
19/09/2011,NSRGY,55.5
20/09/2011,NSRGY,55.41
21/09/2011,NSRGY,54.400002
22/09/2011,NSRGY,53.610001
23/09/2011,NSRGY,53.799999
26/09/2011,NSRGY,54.82
27/09/2011,NSRGY,54.900002
28/09/2011,NSRGY,54.75
29/09/2011,NSRGY,56.07
30/09/2011,NSRGY,55.099998
03/10/2011,NSRGY,54.130001
04/10/2011,NSRGY,55.299999
05/10/2011,NSRGY,54.349998
06/10/2011,NSRGY,55.25
07/10/2011,NSRGY,54.400002
10/10/2011,NSRGY,56.189999
11/10/2011,NSRGY,56.43
12/10/2011,NSRGY,57.299999
13/10/2011,NSRGY,57.82
14/10/2011,NSRGY,58.549999
17/10/2011,NSRGY,57.400002
18/10/2011,NSRGY,57.98
19/10/2011,NSRGY,56.830002
20/10/2011,NSRGY,57.630001
21/10/2011,NSRGY,58.689999
24/10/2011,NSRGY,58.290001
25/10/2011,NSRGY,58.040001
26/10/2011,NSRGY,57.900002
27/10/2011,NSRGY,59.290001
28/10/2011,NSRGY,59.549999
31/10/2011,NSRGY,57.759998
01/11/2011,NSRGY,57
02/11/2011,NSRGY,57.16
03/11/2011,NSRGY,58.200001
04/11/2011,NSRGY,57.360001
07/11/2011,NSRGY,56.639999
08/11/2011,NSRGY,57.139999
09/11/2011,NSRGY,55.200001
10/11/2011,NSRGY,55.880001
11/11/2011,NSRGY,56.75
14/11/2011,NSRGY,56.490002
15/11/2011,NSRGY,56.779999
16/11/2011,NSRGY,56.240002
17/11/2011,NSRGY,56.150002
18/11/2011,NSRGY,56.419998
21/11/2011,NSRGY,56.299999
22/11/2011,NSRGY,56.490002
23/11/2011,NSRGY,54.91
25/11/2011,NSRGY,54.029999
28/11/2011,NSRGY,54.470001
29/11/2011,NSRGY,55.119999
30/11/2011,NSRGY,56.130001
01/12/2011,NSRGY,56.48
02/12/2011,NSRGY,55.41
05/12/2011,NSRGY,55.849998
06/12/2011,NSRGY,55.610001
07/12/2011,NSRGY,56.25
08/12/2011,NSRGY,55.540001
09/12/2011,NSRGY,56
12/12/2011,NSRGY,55.189999
13/12/2011,NSRGY,54.490002
14/12/2011,NSRGY,54.189999
15/12/2011,NSRGY,54.889999
16/12/2011,NSRGY,54.419998
19/12/2011,NSRGY,55.669998
20/12/2011,NSRGY,56.5
21/12/2011,NSRGY,56.5
22/12/2011,NSRGY,56.720001
23/12/2011,NSRGY,57
27/12/2011,NSRGY,57.150002
28/12/2011,NSRGY,56.860001
29/12/2011,NSRGY,57.290001
30/12/2011,NSRGY,57.709999
03/01/2012,NSRGY,58.34
04/01/2012,NSRGY,57.93
05/01/2012,NSRGY,57.490002
06/01/2012,NSRGY,56.700001
09/01/2012,NSRGY,57.41
10/01/2012,NSRGY,57.849998
11/01/2012,NSRGY,56.599998
12/01/2012,NSRGY,56.52
13/01/2012,NSRGY,56.099998
17/01/2012,NSRGY,56.029999
18/01/2012,NSRGY,57.630001
19/01/2012,NSRGY,57.630001
20/01/2012,NSRGY,57.560001
23/01/2012,NSRGY,57.610001
24/01/2012,NSRGY,57.900002
25/01/2012,NSRGY,58.43
26/01/2012,NSRGY,58.049999
27/01/2012,NSRGY,58.119999
30/01/2012,NSRGY,58.139999
31/01/2012,NSRGY,57.529999
01/02/2012,NSRGY,58.5
02/02/2012,NSRGY,57.849998
03/02/2012,NSRGY,57.860001
06/02/2012,NSRGY,57.84
07/02/2012,NSRGY,58.75
08/02/2012,NSRGY,58.799999
09/02/2012,NSRGY,58.98
10/02/2012,NSRGY,58.669998
13/02/2012,NSRGY,59.18
14/02/2012,NSRGY,58.919998
15/02/2012,NSRGY,59.259998
16/02/2012,NSRGY,60.66
17/02/2012,NSRGY,60.990002
21/02/2012,NSRGY,60.900002
22/02/2012,NSRGY,61.02
23/02/2012,NSRGY,61.57
24/02/2012,NSRGY,61.77
27/02/2012,NSRGY,61.990002
28/02/2012,NSRGY,62.189999
29/02/2012,NSRGY,61.290001
01/03/2012,NSRGY,61.400002
02/03/2012,NSRGY,60.900002
05/03/2012,NSRGY,61.23
06/03/2012,NSRGY,60.220001
07/03/2012,NSRGY,60.799999
08/03/2012,NSRGY,62.259998
09/03/2012,NSRGY,61.450001
12/03/2012,NSRGY,61.900002
13/03/2012,NSRGY,61.540001
14/03/2012,NSRGY,60.849998
15/03/2012,NSRGY,61.599998
16/03/2012,NSRGY,62.099998
19/03/2012,NSRGY,62.290001
20/03/2012,NSRGY,62.139999
21/03/2012,NSRGY,62.009998
22/03/2012,NSRGY,61.950001
23/03/2012,NSRGY,62.279999
26/03/2012,NSRGY,63.099998
27/03/2012,NSRGY,62.470001
28/03/2012,NSRGY,62.349998
29/03/2012,NSRGY,61.900002
30/03/2012,NSRGY,63
02/04/2012,NSRGY,63.360001
03/04/2012,NSRGY,62.48
04/04/2012,NSRGY,61.57
05/04/2012,NSRGY,60.830002
09/04/2012,NSRGY,60.950001
10/04/2012,NSRGY,60.470001
11/04/2012,NSRGY,60.59
12/04/2012,NSRGY,61.299999
13/04/2012,NSRGY,60.43
16/04/2012,NSRGY,61.02
17/04/2012,NSRGY,62.07
18/04/2012,NSRGY,61.639999
19/04/2012,NSRGY,62.549999
20/04/2012,NSRGY,63.049999
23/04/2012,NSRGY,60.950001
24/04/2012,NSRGY,60.93
25/04/2012,NSRGY,61.169998
26/04/2012,NSRGY,61.099998
27/04/2012,NSRGY,61
30/04/2012,NSRGY,61.139999
01/05/2012,NSRGY,61.540001
02/05/2012,NSRGY,60.900002
03/05/2012,NSRGY,60.450001
04/05/2012,NSRGY,59.98
07/05/2012,NSRGY,60.169998
08/05/2012,NSRGY,59.799999
09/05/2012,NSRGY,59.169998
10/05/2012,NSRGY,59.049999
11/05/2012,NSRGY,59.299999
14/05/2012,NSRGY,58.52
15/05/2012,NSRGY,58.139999
16/05/2012,NSRGY,57.490002
17/05/2012,NSRGY,57.52
18/05/2012,NSRGY,58.099998
21/05/2012,NSRGY,58.189999
22/05/2012,NSRGY,57.860001
23/05/2012,NSRGY,57.529999
24/05/2012,NSRGY,57.09
25/05/2012,NSRGY,57.240002
29/05/2012,NSRGY,57.299999
30/05/2012,NSRGY,57.02
31/05/2012,NSRGY,56.849998
01/06/2012,NSRGY,56.549999
04/06/2012,NSRGY,56.490002
05/06/2012,NSRGY,56.040001
06/06/2012,NSRGY,57.060001
07/06/2012,NSRGY,57.209999
08/06/2012,NSRGY,57.25
11/06/2012,NSRGY,56.790001
12/06/2012,NSRGY,57.740002
13/06/2012,NSRGY,58.529999
14/06/2012,NSRGY,58.91
15/06/2012,NSRGY,58.880001
18/06/2012,NSRGY,58.669998
19/06/2012,NSRGY,59.150002
20/06/2012,NSRGY,58.419998
21/06/2012,NSRGY,57.470001
22/06/2012,NSRGY,58.389999
25/06/2012,NSRGY,58
26/06/2012,NSRGY,58.110001
27/06/2012,NSRGY,57.880001
28/06/2012,NSRGY,58.240002
29/06/2012,NSRGY,59.740002
02/07/2012,NSRGY,60
03/07/2012,NSRGY,61.049999
05/07/2012,NSRGY,59.990002
06/07/2012,NSRGY,59.900002
09/07/2012,NSRGY,60.09
10/07/2012,NSRGY,60.189999
11/07/2012,NSRGY,59.970001
12/07/2012,NSRGY,59.799999
13/07/2012,NSRGY,60.34
16/07/2012,NSRGY,59.990002
17/07/2012,NSRGY,59.860001
18/07/2012,NSRGY,60.560001
19/07/2012,NSRGY,60.82
20/07/2012,NSRGY,59.900002
23/07/2012,NSRGY,59.139999
24/07/2012,NSRGY,58.540001
25/07/2012,NSRGY,58.549999
26/07/2012,NSRGY,60.189999
27/07/2012,NSRGY,61.299999
30/07/2012,NSRGY,61.240002
31/07/2012,NSRGY,61.630001
01/08/2012,NSRGY,61.150002
02/08/2012,NSRGY,61.279999
03/08/2012,NSRGY,62.709999
06/08/2012,NSRGY,61.75
07/08/2012,NSRGY,61.5
08/08/2012,NSRGY,61.549999
09/08/2012,NSRGY,62.439999
10/08/2012,NSRGY,61.950001
13/08/2012,NSRGY,61.990002
14/08/2012,NSRGY,62.200001
15/08/2012,NSRGY,62.099998
16/08/2012,NSRGY,61.91
17/08/2012,NSRGY,61.630001
20/08/2012,NSRGY,61.939999
21/08/2012,NSRGY,62.02
22/08/2012,NSRGY,62.389999
23/08/2012,NSRGY,62.669998
24/08/2012,NSRGY,62.869999
27/08/2012,NSRGY,62.810001
28/08/2012,NSRGY,62.740002
29/08/2012,NSRGY,62.700001
30/08/2012,NSRGY,62.290001
31/08/2012,NSRGY,62.310001
04/09/2012,NSRGY,62.029999
05/09/2012,NSRGY,62.439999
06/09/2012,NSRGY,62.98
07/09/2012,NSRGY,62.59
10/09/2012,NSRGY,62.040001
11/09/2012,NSRGY,62.82
12/09/2012,NSRGY,62.279999
13/09/2012,NSRGY,62.82
14/09/2012,NSRGY,62.759998
17/09/2012,NSRGY,62.970001
18/09/2012,NSRGY,63.75
19/09/2012,NSRGY,64.120003
20/09/2012,NSRGY,63.779999
21/09/2012,NSRGY,63.75
24/09/2012,NSRGY,63.639999
25/09/2012,NSRGY,63.59
26/09/2012,NSRGY,63.779999
27/09/2012,NSRGY,63.98
28/09/2012,NSRGY,63.209999
01/10/2012,NSRGY,63.880001
02/10/2012,NSRGY,64.080002
03/10/2012,NSRGY,63.75
04/10/2012,NSRGY,64.690002
05/10/2012,NSRGY,64.900002
08/10/2012,NSRGY,65.029999
09/10/2012,NSRGY,64.900002
10/10/2012,NSRGY,65.209999
11/10/2012,NSRGY,65.5
12/10/2012,NSRGY,65.75
15/10/2012,NSRGY,66.389999
16/10/2012,NSRGY,66.830002
17/10/2012,NSRGY,67.480003
18/10/2012,NSRGY,66.260002
19/10/2012,NSRGY,65.949997
22/10/2012,NSRGY,65.849998
23/10/2012,NSRGY,64.389999
24/10/2012,NSRGY,64.440002
25/10/2012,NSRGY,64.050003
26/10/2012,NSRGY,64.019997
31/10/2012,NSRGY,63.34
01/11/2012,NSRGY,63.540001
02/11/2012,NSRGY,62.889999
05/11/2012,NSRGY,63.310001
06/11/2012,NSRGY,63.419998
07/11/2012,NSRGY,63.02
08/11/2012,NSRGY,63
09/11/2012,NSRGY,63.119999
12/11/2012,NSRGY,63.220001
13/11/2012,NSRGY,63.400002
14/11/2012,NSRGY,63.150002
15/11/2012,NSRGY,62.450001
16/11/2012,NSRGY,61.98
19/11/2012,NSRGY,63.220001
20/11/2012,NSRGY,62.84
21/11/2012,NSRGY,63.220001
23/11/2012,NSRGY,64.43
26/11/2012,NSRGY,64.25
27/11/2012,NSRGY,64.480003
28/11/2012,NSRGY,65.410004
29/11/2012,NSRGY,65.650002
30/11/2012,NSRGY,65.5
03/12/2012,NSRGY,65.730003
04/12/2012,NSRGY,65.629997
05/12/2012,NSRGY,65.349998
06/12/2012,NSRGY,65.25
07/12/2012,NSRGY,65.129997
10/12/2012,NSRGY,65.330002
11/12/2012,NSRGY,65.529999
12/12/2012,NSRGY,65.900002
13/12/2012,NSRGY,65.940002
14/12/2012,NSRGY,65.529999
17/12/2012,NSRGY,65.559998
18/12/2012,NSRGY,65.940002
19/12/2012,NSRGY,66.07
20/12/2012,NSRGY,65.720001
21/12/2012,NSRGY,65.300003
24/12/2012,NSRGY,65.290001
26/12/2012,NSRGY,65.510002
27/12/2012,NSRGY,65.529999
28/12/2012,NSRGY,65.339996
31/12/2012,NSRGY,65.169998
02/01/2013,NSRGY,66.529999
03/01/2013,NSRGY,65.650002
04/01/2013,NSRGY,66.190002
07/01/2013,NSRGY,66.010002
08/01/2013,NSRGY,65.440002
09/01/2013,NSRGY,65.75
10/01/2013,NSRGY,66.790001
11/01/2013,NSRGY,67.25
14/01/2013,NSRGY,66.580002
15/01/2013,NSRGY,66.959999
16/01/2013,NSRGY,67.129997
17/01/2013,NSRGY,68.290001
18/01/2013,NSRGY,68.040001
22/01/2013,NSRGY,67.970001
23/01/2013,NSRGY,68.610001
24/01/2013,NSRGY,68.57
25/01/2013,NSRGY,69.370003
28/01/2013,NSRGY,69.650002
29/01/2013,NSRGY,69.849998
30/01/2013,NSRGY,70.139999
31/01/2013,NSRGY,70.32
01/02/2013,NSRGY,70.300003
04/02/2013,NSRGY,69.669998
05/02/2013,NSRGY,69.910004
06/02/2013,NSRGY,70.730003
07/02/2013,NSRGY,69.339996
08/02/2013,NSRGY,69.919998
11/02/2013,NSRGY,70.099998
12/02/2013,NSRGY,70.099998
13/02/2013,NSRGY,70.169998
14/02/2013,NSRGY,68.699997
15/02/2013,NSRGY,68.690002
19/02/2013,NSRGY,69.470001
20/02/2013,NSRGY,69.480003
21/02/2013,NSRGY,68.790001
22/02/2013,NSRGY,69.309998
25/02/2013,NSRGY,69.650002
26/02/2013,NSRGY,69.5
27/02/2013,NSRGY,69.370003
28/02/2013,NSRGY,69.970001
01/03/2013,NSRGY,69.160004
04/03/2013,NSRGY,69.889999
05/03/2013,NSRGY,70.839996
06/03/2013,NSRGY,69.769997
07/03/2013,NSRGY,71.050003
08/03/2013,NSRGY,70.860001
11/03/2013,NSRGY,71.400002
12/03/2013,NSRGY,72.040001
13/03/2013,NSRGY,71.769997
14/03/2013,NSRGY,72.730003
15/03/2013,NSRGY,73.349998
18/03/2013,NSRGY,72.360001
19/03/2013,NSRGY,72.18
20/03/2013,NSRGY,72.510002
21/03/2013,NSRGY,72.07
22/03/2013,NSRGY,72.18
25/03/2013,NSRGY,71.610001
26/03/2013,NSRGY,71.620003
27/03/2013,NSRGY,71.410004
28/03/2013,NSRGY,72.470001
01/04/2013,NSRGY,72.68
02/04/2013,NSRGY,73.449997
03/04/2013,NSRGY,73.639999
04/04/2013,NSRGY,73.18
05/04/2013,NSRGY,72.559998
08/04/2013,NSRGY,72.870003
09/04/2013,NSRGY,72.050003
10/04/2013,NSRGY,72.790001
11/04/2013,NSRGY,72.43
12/04/2013,NSRGY,72.400002
15/04/2013,NSRGY,70.470001
16/04/2013,NSRGY,71.690002
17/04/2013,NSRGY,69.169998
18/04/2013,NSRGY,69.760002
19/04/2013,NSRGY,70.089996
22/04/2013,NSRGY,69.949997
23/04/2013,NSRGY,70.209999
24/04/2013,NSRGY,70.449997
25/04/2013,NSRGY,70.050003
26/04/2013,NSRGY,69.830002
29/04/2013,NSRGY,71.25
30/04/2013,NSRGY,71.230003
01/05/2013,NSRGY,71.190002
02/05/2013,NSRGY,70.889999
03/05/2013,NSRGY,70.480003
06/05/2013,NSRGY,70.300003
07/05/2013,NSRGY,70.459999
08/05/2013,NSRGY,71.489998
09/05/2013,NSRGY,70.459999
10/05/2013,NSRGY,69.849998
13/05/2013,NSRGY,69.919998
14/05/2013,NSRGY,69.720001
15/05/2013,NSRGY,70.620003
16/05/2013,NSRGY,69.099998
17/05/2013,NSRGY,69.540001
20/05/2013,NSRGY,69.730003
21/05/2013,NSRGY,69.110001
22/05/2013,NSRGY,68.650002
23/05/2013,NSRGY,67.970001
24/05/2013,NSRGY,68.300003
28/05/2013,NSRGY,67.230003
29/05/2013,NSRGY,67.309998
30/05/2013,NSRGY,68.07
31/05/2013,NSRGY,66.32
03/06/2013,NSRGY,65.690002
04/06/2013,NSRGY,67.339996
05/06/2013,NSRGY,66.879997
06/06/2013,NSRGY,66.75
07/06/2013,NSRGY,67.459999
10/06/2013,NSRGY,67.379997
11/06/2013,NSRGY,66.900002
12/06/2013,NSRGY,67.339996
13/06/2013,NSRGY,67.330002
14/06/2013,NSRGY,66.93
17/06/2013,NSRGY,67.620003
18/06/2013,NSRGY,67.589996
19/06/2013,NSRGY,67.150002
20/06/2013,NSRGY,66.040001
21/06/2013,NSRGY,65.239998
24/06/2013,NSRGY,64.089996
25/06/2013,NSRGY,64.43
26/06/2013,NSRGY,64.809998
27/06/2013,NSRGY,65.459999
28/06/2013,NSRGY,65.779999
01/07/2013,NSRGY,66.370003
02/07/2013,NSRGY,65.989998
03/07/2013,NSRGY,65.5
05/07/2013,NSRGY,65.25
08/07/2013,NSRGY,65.459999
09/07/2013,NSRGY,65.080002
10/07/2013,NSRGY,65.790001
11/07/2013,NSRGY,67.849998
12/07/2013,NSRGY,67.349998
15/07/2013,NSRGY,67.650002
16/07/2013,NSRGY,68.150002
17/07/2013,NSRGY,67.959999
18/07/2013,NSRGY,67.029999
19/07/2013,NSRGY,67.25
22/07/2013,NSRGY,67.360001
23/07/2013,NSRGY,67.190002
24/07/2013,NSRGY,67.089996
25/07/2013,NSRGY,67.550003
26/07/2013,NSRGY,66.900002
29/07/2013,NSRGY,66.839996
30/07/2013,NSRGY,66.730003
31/07/2013,NSRGY,67.970001
01/08/2013,NSRGY,68.089996
02/08/2013,NSRGY,69.599998
05/08/2013,NSRGY,69.410004
06/08/2013,NSRGY,70.269997
07/08/2013,NSRGY,70.459999
08/08/2013,NSRGY,69
09/08/2013,NSRGY,67.779999
12/08/2013,NSRGY,67.5
13/08/2013,NSRGY,67.400002
14/08/2013,NSRGY,67.309998
15/08/2013,NSRGY,67.459999
16/08/2013,NSRGY,66.900002
19/08/2013,NSRGY,66.800003
20/08/2013,NSRGY,67.709999
21/08/2013,NSRGY,66.709999
22/08/2013,NSRGY,67.360001
23/08/2013,NSRGY,67.5
26/08/2013,NSRGY,67.93
27/08/2013,NSRGY,67.050003
28/08/2013,NSRGY,66.32
29/08/2013,NSRGY,65.18
30/08/2013,NSRGY,65.449997
03/09/2013,NSRGY,65.279999
04/09/2013,NSRGY,65.269997
05/09/2013,NSRGY,64.730003
06/09/2013,NSRGY,65.260002
09/09/2013,NSRGY,65.550003
10/09/2013,NSRGY,66.010002
11/09/2013,NSRGY,66.339996
12/09/2013,NSRGY,66.120003
13/09/2013,NSRGY,66.900002
16/09/2013,NSRGY,66.949997
17/09/2013,NSRGY,67.169998
18/09/2013,NSRGY,69.239998
19/09/2013,NSRGY,69.779999
20/09/2013,NSRGY,69.849998
23/09/2013,NSRGY,69.800003
24/09/2013,NSRGY,69.470001
25/09/2013,NSRGY,69.279999
26/09/2013,NSRGY,69.669998
27/09/2013,NSRGY,69.980003
30/09/2013,NSRGY,69.599998
01/10/2013,NSRGY,69.769997
02/10/2013,NSRGY,69.220001
03/10/2013,NSRGY,69.150002
04/10/2013,NSRGY,68.599998
07/10/2013,NSRGY,68.279999
08/10/2013,NSRGY,67.370003
09/10/2013,NSRGY,67.080002
10/10/2013,NSRGY,67.739998
11/10/2013,NSRGY,68.160004
14/10/2013,NSRGY,68.099998
15/10/2013,NSRGY,68.169998
16/10/2013,NSRGY,68.019997
17/10/2013,NSRGY,71.220001
18/10/2013,NSRGY,72.059998
21/10/2013,NSRGY,72.029999
22/10/2013,NSRGY,73.07
23/10/2013,NSRGY,73.25
24/10/2013,NSRGY,73.57
25/10/2013,NSRGY,73.629997
28/10/2013,NSRGY,73.379997
29/10/2013,NSRGY,73.540001
30/10/2013,NSRGY,72.940002
31/10/2013,NSRGY,72.410004
01/11/2013,NSRGY,71.889999
04/11/2013,NSRGY,72.220001
05/11/2013,NSRGY,71.68
06/11/2013,NSRGY,72.269997
07/11/2013,NSRGY,72.059998
08/11/2013,NSRGY,71.970001
11/11/2013,NSRGY,71.849998
12/11/2013,NSRGY,72.129997
13/11/2013,NSRGY,72.720001
14/11/2013,NSRGY,73.099998
15/11/2013,NSRGY,73.080002
18/11/2013,NSRGY,73.610001
19/11/2013,NSRGY,73.900002
20/11/2013,NSRGY,73.050003
21/11/2013,NSRGY,73.360001
22/11/2013,NSRGY,73.730003
25/11/2013,NSRGY,73.730003
26/11/2013,NSRGY,73.300003
27/11/2013,NSRGY,72.980003
29/11/2013,NSRGY,73.110001
02/12/2013,NSRGY,72.129997
03/12/2013,NSRGY,71.800003
04/12/2013,NSRGY,71.519997
05/12/2013,NSRGY,72.059998
06/12/2013,NSRGY,73.239998
09/12/2013,NSRGY,73.650002
10/12/2013,NSRGY,73.160004
11/12/2013,NSRGY,73.139999
12/12/2013,NSRGY,71.769997
13/12/2013,NSRGY,71.160004
16/12/2013,NSRGY,71.470001
17/12/2013,NSRGY,72.019997
18/12/2013,NSRGY,71.529999
19/12/2013,NSRGY,71.559998
20/12/2013,NSRGY,72.379997
23/12/2013,NSRGY,72.43
24/12/2013,NSRGY,72.620003
26/12/2013,NSRGY,72.879997
27/12/2013,NSRGY,73.540001
30/12/2013,NSRGY,73.800003
31/12/2013,NSRGY,73.589996
02/01/2014,NSRGY,72.839996
03/01/2014,NSRGY,73.370003
06/01/2014,NSRGY,73.059998
07/01/2014,NSRGY,73.279999
08/01/2014,NSRGY,72.779999
09/01/2014,NSRGY,72.269997
10/01/2014,NSRGY,73.059998
13/01/2014,NSRGY,73.57
14/01/2014,NSRGY,73.620003
15/01/2014,NSRGY,73.529999
16/01/2014,NSRGY,74.779999
17/01/2014,NSRGY,74.339996
21/01/2014,NSRGY,75.650002
22/01/2014,NSRGY,75.650002
23/01/2014,NSRGY,76.269997
24/01/2014,NSRGY,74.529999
27/01/2014,NSRGY,74.050003
28/01/2014,NSRGY,74.120003
29/01/2014,NSRGY,73.639999
30/01/2014,NSRGY,73.040001
31/01/2014,NSRGY,72.650002
03/02/2014,NSRGY,72.160004
04/02/2014,NSRGY,71.75
05/02/2014,NSRGY,72.169998
06/02/2014,NSRGY,74
07/02/2014,NSRGY,75.68
10/02/2014,NSRGY,75.449997
11/02/2014,NSRGY,74.709999
12/02/2014,NSRGY,74.730003
13/02/2014,NSRGY,74.239998
14/02/2014,NSRGY,74.220001
18/02/2014,NSRGY,74.050003
19/02/2014,NSRGY,73.800003
20/02/2014,NSRGY,73.650002
21/02/2014,NSRGY,74.470001
24/02/2014,NSRGY,74.809998
25/02/2014,NSRGY,75.110001
26/02/2014,NSRGY,74.900002
27/02/2014,NSRGY,75.010002
28/02/2014,NSRGY,75.440002
03/03/2014,NSRGY,74.589996
04/03/2014,NSRGY,75.349998
05/03/2014,NSRGY,75.349998
06/03/2014,NSRGY,76.040001
07/03/2014,NSRGY,75.900002
10/03/2014,NSRGY,75.760002
11/03/2014,NSRGY,75.279999
12/03/2014,NSRGY,75.099998
13/03/2014,NSRGY,73.849998
14/03/2014,NSRGY,73.489998
17/03/2014,NSRGY,73.739998
18/03/2014,NSRGY,74.400002
19/03/2014,NSRGY,73.470001
20/03/2014,NSRGY,73
21/03/2014,NSRGY,73.370003
24/03/2014,NSRGY,73.599998
25/03/2014,NSRGY,74.879997
26/03/2014,NSRGY,74.82
27/03/2014,NSRGY,74.940002
28/03/2014,NSRGY,74.879997
31/03/2014,NSRGY,75.220001
01/04/2014,NSRGY,75.260002
02/04/2014,NSRGY,76.160004
03/04/2014,NSRGY,75.900002
04/04/2014,NSRGY,75.480003
07/04/2014,NSRGY,75.760002
08/04/2014,NSRGY,77.669998
09/04/2014,NSRGY,78.050003
10/04/2014,NSRGY,77.580002
11/04/2014,NSRGY,77.129997
14/04/2014,NSRGY,76.059998
15/04/2014,NSRGY,76.110001
16/04/2014,NSRGY,75.800003
17/04/2014,NSRGY,76.300003
21/04/2014,NSRGY,76.25
22/04/2014,NSRGY,75.980003
23/04/2014,NSRGY,76.07
24/04/2014,NSRGY,76.080002
25/04/2014,NSRGY,75.959999
28/04/2014,NSRGY,76.330002
29/04/2014,NSRGY,76.300003
30/04/2014,NSRGY,77.18
01/05/2014,NSRGY,77.260002
02/05/2014,NSRGY,77.139999
05/05/2014,NSRGY,77.510002
06/05/2014,NSRGY,77.599998
07/05/2014,NSRGY,78.580002
08/05/2014,NSRGY,77.699997
09/05/2014,NSRGY,78
12/05/2014,NSRGY,78.790001
13/05/2014,NSRGY,78.360001
14/05/2014,NSRGY,78.800003
15/05/2014,NSRGY,80.150002
16/05/2014,NSRGY,80.300003
19/05/2014,NSRGY,79.639999
20/05/2014,NSRGY,79.019997
21/05/2014,NSRGY,78.900002
22/05/2014,NSRGY,78.449997
23/05/2014,NSRGY,78
27/05/2014,NSRGY,77.550003
28/05/2014,NSRGY,77.790001
29/05/2014,NSRGY,78.089996
30/05/2014,NSRGY,78.580002
02/06/2014,NSRGY,78.339996
03/06/2014,NSRGY,78.540001
04/06/2014,NSRGY,78.400002
05/06/2014,NSRGY,78.099998
06/06/2014,NSRGY,77.300003
09/06/2014,NSRGY,77.099998
10/06/2014,NSRGY,77.389999
11/06/2014,NSRGY,77.349998
12/06/2014,NSRGY,77.209999
13/06/2014,NSRGY,77.07
16/06/2014,NSRGY,77.410004
17/06/2014,NSRGY,77.290001
18/06/2014,NSRGY,77.599998
19/06/2014,NSRGY,77.660004
20/06/2014,NSRGY,77.889999
23/06/2014,NSRGY,78.099998
24/06/2014,NSRGY,78.029999
25/06/2014,NSRGY,77.5
26/06/2014,NSRGY,76.970001
27/06/2014,NSRGY,77.190002
30/06/2014,NSRGY,77.669998
01/07/2014,NSRGY,78.419998
02/07/2014,NSRGY,78.010002
03/07/2014,NSRGY,78.25
07/07/2014,NSRGY,77.220001
08/07/2014,NSRGY,77.290001
09/07/2014,NSRGY,77.269997
10/07/2014,NSRGY,76.93
11/07/2014,NSRGY,76.919998
14/07/2014,NSRGY,77.480003
15/07/2014,NSRGY,76.690002
16/07/2014,NSRGY,76.830002
17/07/2014,NSRGY,76.940002
18/07/2014,NSRGY,77.089996
21/07/2014,NSRGY,76.860001
22/07/2014,NSRGY,76.900002
23/07/2014,NSRGY,77.459999
24/07/2014,NSRGY,77.32
25/07/2014,NSRGY,76.639999
28/07/2014,NSRGY,76.449997
29/07/2014,NSRGY,75.769997
30/07/2014,NSRGY,75.25
31/07/2014,NSRGY,74.150002
01/08/2014,NSRGY,73.959999
04/08/2014,NSRGY,73.480003
05/08/2014,NSRGY,73.580002
06/08/2014,NSRGY,73.889999
07/08/2014,NSRGY,76.120003
08/08/2014,NSRGY,76.32
11/08/2014,NSRGY,75.790001
12/08/2014,NSRGY,75.760002
13/08/2014,NSRGY,76
14/08/2014,NSRGY,76.900002
15/08/2014,NSRGY,77.139999
18/08/2014,NSRGY,76.93
19/08/2014,NSRGY,77.059998
20/08/2014,NSRGY,76.809998
21/08/2014,NSRGY,77.220001
22/08/2014,NSRGY,76.580002
25/08/2014,NSRGY,76.940002
26/08/2014,NSRGY,76.970001
27/08/2014,NSRGY,77.57
28/08/2014,NSRGY,77.190002
29/08/2014,NSRGY,77.57
02/09/2014,NSRGY,77.800003
03/09/2014,NSRGY,78.199997
04/09/2014,NSRGY,76.849998
05/09/2014,NSRGY,76.949997
08/09/2014,NSRGY,76.57
09/09/2014,NSRGY,76.529999
10/09/2014,NSRGY,76.419998
11/09/2014,NSRGY,76.269997
12/09/2014,NSRGY,75.860001
15/09/2014,NSRGY,75.5
16/09/2014,NSRGY,76.089996
17/09/2014,NSRGY,74.779999
18/09/2014,NSRGY,75.169998
19/09/2014,NSRGY,74.699997
22/09/2014,NSRGY,74.959999
23/09/2014,NSRGY,74.199997
24/09/2014,NSRGY,74.25
25/09/2014,NSRGY,73.199997
26/09/2014,NSRGY,73.379997
29/09/2014,NSRGY,73.160004
30/09/2014,NSRGY,73.629997
01/10/2014,NSRGY,72.82
02/10/2014,NSRGY,72.480003
03/10/2014,NSRGY,71.75
06/10/2014,NSRGY,72.220001
07/10/2014,NSRGY,71.400002
08/10/2014,NSRGY,72.800003
09/10/2014,NSRGY,71.879997
10/10/2014,NSRGY,71.480003
13/10/2014,NSRGY,71.239998
14/10/2014,NSRGY,71.010002
15/10/2014,NSRGY,70.75
16/10/2014,NSRGY,68.879997
17/10/2014,NSRGY,70.07
20/10/2014,NSRGY,70.959999
21/10/2014,NSRGY,71.150002
22/10/2014,NSRGY,71.050003
23/10/2014,NSRGY,71.25
24/10/2014,NSRGY,71.629997
27/10/2014,NSRGY,72.239998
28/10/2014,NSRGY,72.900002
29/10/2014,NSRGY,72.290001
30/10/2014,NSRGY,72.739998
31/10/2014,NSRGY,73.330002
03/11/2014,NSRGY,72.639999
04/11/2014,NSRGY,72.940002
05/11/2014,NSRGY,73.25
06/11/2014,NSRGY,72.75
07/11/2014,NSRGY,72.800003
10/11/2014,NSRGY,72.959999
11/11/2014,NSRGY,73.599998
12/11/2014,NSRGY,73.57
13/11/2014,NSRGY,74.290001
14/11/2014,NSRGY,74.5
17/11/2014,NSRGY,74.169998
18/11/2014,NSRGY,74.75
19/11/2014,NSRGY,74.830002
20/11/2014,NSRGY,74.940002
21/11/2014,NSRGY,74.309998
24/11/2014,NSRGY,74.300003
25/11/2014,NSRGY,74.25
26/11/2014,NSRGY,74.809998
28/11/2014,NSRGY,75.050003
01/12/2014,NSRGY,75.650002
02/12/2014,NSRGY,75.080002
03/12/2014,NSRGY,74
04/12/2014,NSRGY,74.330002
05/12/2014,NSRGY,74.059998
08/12/2014,NSRGY,73.860001
09/12/2014,NSRGY,73.879997
10/12/2014,NSRGY,73.760002
11/12/2014,NSRGY,73.669998
12/12/2014,NSRGY,72.800003
15/12/2014,NSRGY,71.370003
16/12/2014,NSRGY,72.550003
17/12/2014,NSRGY,72.190002
18/12/2014,NSRGY,73.160004
19/12/2014,NSRGY,73.480003
22/12/2014,NSRGY,73.879997
23/12/2014,NSRGY,73.919998
24/12/2014,NSRGY,74.019997
26/12/2014,NSRGY,73.709999
29/12/2014,NSRGY,73.879997
30/12/2014,NSRGY,73.639999
31/12/2014,NSRGY,72.949997
02/01/2015,NSRGY,72.650002
05/01/2015,NSRGY,70.959999
06/01/2015,NSRGY,70.610001
07/01/2015,NSRGY,70.75
08/01/2015,NSRGY,71.459999
09/01/2015,NSRGY,71.809998
12/01/2015,NSRGY,72.059998
13/01/2015,NSRGY,72.519997
14/01/2015,NSRGY,72.989998
15/01/2015,NSRGY,77.669998
16/01/2015,NSRGY,75.879997
20/01/2015,NSRGY,76.360001
21/01/2015,NSRGY,76.989998
22/01/2015,NSRGY,76.099998
23/01/2015,NSRGY,77.610001
26/01/2015,NSRGY,76.900002
27/01/2015,NSRGY,78.089996
28/01/2015,NSRGY,76.330002
29/01/2015,NSRGY,77
30/01/2015,NSRGY,76.510002
02/02/2015,NSRGY,76.980003
03/02/2015,NSRGY,77.139999
04/02/2015,NSRGY,77.169998
05/02/2015,NSRGY,77.239998
06/02/2015,NSRGY,76.57
09/02/2015,NSRGY,77.029999
10/02/2015,NSRGY,77.309998
11/02/2015,NSRGY,76.550003
12/02/2015,NSRGY,75.889999
13/02/2015,NSRGY,75.599998
17/02/2015,NSRGY,76.260002
18/02/2015,NSRGY,75.489998
19/02/2015,NSRGY,75.800003
20/02/2015,NSRGY,76.620003
23/02/2015,NSRGY,76.889999
24/02/2015,NSRGY,77.309998
25/02/2015,NSRGY,77.669998
26/02/2015,NSRGY,78.220001
27/02/2015,NSRGY,78.150002
02/03/2015,NSRGY,78.150002
03/03/2015,NSRGY,77.470001
04/03/2015,NSRGY,78.220001
05/03/2015,NSRGY,77.739998
06/03/2015,NSRGY,77.080002
09/03/2015,NSRGY,77.059998
10/03/2015,NSRGY,75.459999
11/03/2015,NSRGY,74.419998
12/03/2015,NSRGY,75.080002
13/03/2015,NSRGY,75.080002
16/03/2015,NSRGY,75.400002
17/03/2015,NSRGY,75.349998
18/03/2015,NSRGY,77.970001
19/03/2015,NSRGY,77.169998
20/03/2015,NSRGY,78.07
23/03/2015,NSRGY,78.330002
24/03/2015,NSRGY,78.099998
25/03/2015,NSRGY,76.779999
26/03/2015,NSRGY,75.879997
27/03/2015,NSRGY,76.269997
30/03/2015,NSRGY,76.75
31/03/2015,NSRGY,75.220001
01/04/2015,NSRGY,75.790001
02/04/2015,NSRGY,76.400002
06/04/2015,NSRGY,76.43
07/04/2015,NSRGY,76.660004
08/04/2015,NSRGY,77.010002
09/04/2015,NSRGY,77.099998
10/04/2015,NSRGY,77.470001
13/04/2015,NSRGY,77.150002
14/04/2015,NSRGY,77.629997
15/04/2015,NSRGY,78.699997
16/04/2015,NSRGY,79.940002
17/04/2015,NSRGY,78.110001
20/04/2015,NSRGY,77.239998
21/04/2015,NSRGY,77.910004
22/04/2015,NSRGY,76.660004
23/04/2015,NSRGY,77.989998
24/04/2015,NSRGY,78.139999
27/04/2015,NSRGY,78.160004
28/04/2015,NSRGY,78.169998
29/04/2015,NSRGY,77.940002
30/04/2015,NSRGY,77.620003
01/05/2015,NSRGY,78.139999
04/05/2015,NSRGY,78.279999
05/05/2015,NSRGY,77.660004
06/05/2015,NSRGY,77.589996
07/05/2015,NSRGY,77.230003
08/05/2015,NSRGY,78.029999
11/05/2015,NSRGY,77.599998
12/05/2015,NSRGY,77.370003
13/05/2015,NSRGY,78.239998
14/05/2015,NSRGY,79
15/05/2015,NSRGY,78.610001
18/05/2015,NSRGY,78.230003
19/05/2015,NSRGY,78
20/05/2015,NSRGY,78.099998
21/05/2015,NSRGY,78.230003
22/05/2015,NSRGY,77.699997
26/05/2015,NSRGY,76.480003
27/05/2015,NSRGY,77.459999
28/05/2015,NSRGY,78.099998
29/05/2015,NSRGY,77.440002
01/06/2015,NSRGY,77.120003
02/06/2015,NSRGY,77.349998
03/06/2015,NSRGY,76.290001
04/06/2015,NSRGY,76.019997
05/06/2015,NSRGY,74.519997
08/06/2015,NSRGY,74.959999
09/06/2015,NSRGY,74.260002
10/06/2015,NSRGY,74.669998
11/06/2015,NSRGY,75.029999
12/06/2015,NSRGY,74.779999
15/06/2015,NSRGY,74.459999
16/06/2015,NSRGY,74.339996
17/06/2015,NSRGY,74.580002
18/06/2015,NSRGY,74.900002
19/06/2015,NSRGY,74.989998
22/06/2015,NSRGY,75.529999
23/06/2015,NSRGY,75.370003
24/06/2015,NSRGY,74.699997
25/06/2015,NSRGY,74.029999
26/06/2015,NSRGY,74.610001
29/06/2015,NSRGY,73.879997
30/06/2015,NSRGY,72.160004
01/07/2015,NSRGY,72.489998
02/07/2015,NSRGY,73.160004
06/07/2015,NSRGY,72.75
07/07/2015,NSRGY,73.080002
08/07/2015,NSRGY,72.900002
09/07/2015,NSRGY,73.57
10/07/2015,NSRGY,75.309998
13/07/2015,NSRGY,74.970001
14/07/2015,NSRGY,75.879997
15/07/2015,NSRGY,74.989998
16/07/2015,NSRGY,75.849998
17/07/2015,NSRGY,75.889999
20/07/2015,NSRGY,75.919998
21/07/2015,NSRGY,75.900002
22/07/2015,NSRGY,75.300003
23/07/2015,NSRGY,75.309998
24/07/2015,NSRGY,74.589996
27/07/2015,NSRGY,73.75
28/07/2015,NSRGY,74.900002
29/07/2015,NSRGY,75.349998
30/07/2015,NSRGY,75.25
31/07/2015,NSRGY,75.599998
03/08/2015,NSRGY,75.699997
04/08/2015,NSRGY,75.43
05/08/2015,NSRGY,75.190002
06/08/2015,NSRGY,74.790001
07/08/2015,NSRGY,74.519997
10/08/2015,NSRGY,75.050003
11/08/2015,NSRGY,74.25
12/08/2015,NSRGY,74.5
13/08/2015,NSRGY,76.010002
14/08/2015,NSRGY,76.769997
17/08/2015,NSRGY,76.849998
18/08/2015,NSRGY,76.57
19/08/2015,NSRGY,77.099998
20/08/2015,NSRGY,76
21/08/2015,NSRGY,74.139999
24/08/2015,NSRGY,72.709999
25/08/2015,NSRGY,73.349998
26/08/2015,NSRGY,73.660004
27/08/2015,NSRGY,73.610001
28/08/2015,NSRGY,73.690002
31/08/2015,NSRGY,73.650002
01/09/2015,NSRGY,72.5
02/09/2015,NSRGY,72.650002
03/09/2015,NSRGY,72.769997
04/09/2015,NSRGY,72.599998
08/09/2015,NSRGY,73.150002
09/09/2015,NSRGY,73.5
10/09/2015,NSRGY,74.099998
11/09/2015,NSRGY,73.980003
14/09/2015,NSRGY,74.019997
15/09/2015,NSRGY,74.849998
16/09/2015,NSRGY,75.489998
17/09/2015,NSRGY,76.400002
18/09/2015,NSRGY,75.790001
21/09/2015,NSRGY,75.910004
22/09/2015,NSRGY,74.040001
23/09/2015,NSRGY,72.959999
24/09/2015,NSRGY,72.5
25/09/2015,NSRGY,73.5
28/09/2015,NSRGY,73.400002
29/09/2015,NSRGY,73.080002
30/09/2015,NSRGY,75.239998
01/10/2015,NSRGY,75.239998
02/10/2015,NSRGY,76.099998
05/10/2015,NSRGY,76.860001
06/10/2015,NSRGY,77.160004
07/10/2015,NSRGY,76.360001
08/10/2015,NSRGY,77.260002
09/10/2015,NSRGY,77.269997
12/10/2015,NSRGY,77.620003
13/10/2015,NSRGY,78.059998
14/10/2015,NSRGY,78.010002
15/10/2015,NSRGY,79.160004
16/10/2015,NSRGY,77.5
19/10/2015,NSRGY,76.790001
20/10/2015,NSRGY,76.959999
21/10/2015,NSRGY,76.029999
22/10/2015,NSRGY,77.449997
23/10/2015,NSRGY,77.129997
26/10/2015,NSRGY,76.75
27/10/2015,NSRGY,76.360001
28/10/2015,NSRGY,76.389999
29/10/2015,NSRGY,76.690002
30/10/2015,NSRGY,76.220001
02/11/2015,NSRGY,76.360001
03/11/2015,NSRGY,76.349998
04/11/2015,NSRGY,76.449997
05/11/2015,NSRGY,76.699997
06/11/2015,NSRGY,75.029999
09/11/2015,NSRGY,74.75
10/11/2015,NSRGY,74.239998
11/11/2015,NSRGY,74.379997
12/11/2015,NSRGY,74.019997
13/11/2015,NSRGY,72.660004
16/11/2015,NSRGY,73.760002
17/11/2015,NSRGY,73.550003
18/11/2015,NSRGY,74.470001
19/11/2015,NSRGY,74.870003
20/11/2015,NSRGY,74.599998
23/11/2015,NSRGY,74.279999
24/11/2015,NSRGY,73.889999
25/11/2015,NSRGY,73.93
27/11/2015,NSRGY,74.199997
30/11/2015,NSRGY,73.940002
01/12/2015,NSRGY,74.269997
02/12/2015,NSRGY,74.800003
03/12/2015,NSRGY,75.599998
04/12/2015,NSRGY,75.550003
07/12/2015,NSRGY,75.419998
08/12/2015,NSRGY,75.059998
09/12/2015,NSRGY,74.379997
10/12/2015,NSRGY,74.160004
11/12/2015,NSRGY,73.459999
14/12/2015,NSRGY,73.099998
15/12/2015,NSRGY,73.599998
16/12/2015,NSRGY,74.709999
17/12/2015,NSRGY,73.860001
18/12/2015,NSRGY,73.080002
21/12/2015,NSRGY,73
22/12/2015,NSRGY,72.599998
23/12/2015,NSRGY,73.959999
24/12/2015,NSRGY,74
28/12/2015,NSRGY,74.620003
29/12/2015,NSRGY,75.599998
30/12/2015,NSRGY,75.690002
31/12/2015,NSRGY,74.419998
04/01/2016,NSRGY,73.449997
05/01/2016,NSRGY,73.209999
06/01/2016,NSRGY,72.260002
07/01/2016,NSRGY,70.970001
08/01/2016,NSRGY,70.089996
11/01/2016,NSRGY,70.110001
12/01/2016,NSRGY,71.980003
13/01/2016,NSRGY,71.199997
14/01/2016,NSRGY,71.290001
15/01/2016,NSRGY,69.650002
19/01/2016,NSRGY,70.860001
20/01/2016,NSRGY,69.830002
21/01/2016,NSRGY,70.260002
22/01/2016,NSRGY,71.029999
25/01/2016,NSRGY,71.279999
26/01/2016,NSRGY,72.089996
27/01/2016,NSRGY,72.099998
28/01/2016,NSRGY,71.82
29/01/2016,NSRGY,73.739998
01/02/2016,NSRGY,74.300003
02/02/2016,NSRGY,73.639999
03/02/2016,NSRGY,75.540001
04/02/2016,NSRGY,74.800003
05/02/2016,NSRGY,73.940002
08/02/2016,NSRGY,74.050003
09/02/2016,NSRGY,73.68
10/02/2016,NSRGY,74.279999
11/02/2016,NSRGY,73.230003
12/02/2016,NSRGY,73.550003
16/02/2016,NSRGY,74.260002
17/02/2016,NSRGY,74.580002
18/02/2016,NSRGY,71.690002
19/02/2016,NSRGY,71.699997
22/02/2016,NSRGY,71.360001
23/02/2016,NSRGY,70.660004
24/02/2016,NSRGY,71
25/02/2016,NSRGY,71.019997
26/02/2016,NSRGY,70.830002
29/02/2016,NSRGY,69.860001
01/03/2016,NSRGY,71.830002
02/03/2016,NSRGY,71.5
03/03/2016,NSRGY,71.599998
04/03/2016,NSRGY,71.940002
07/03/2016,NSRGY,71.639999
08/03/2016,NSRGY,71.459999
09/03/2016,NSRGY,71.470001
10/03/2016,NSRGY,72.080002
11/03/2016,NSRGY,73.019997
14/03/2016,NSRGY,72.589996
15/03/2016,NSRGY,72.519997
16/03/2016,NSRGY,73.720001
17/03/2016,NSRGY,73.989998
18/03/2016,NSRGY,73.900002
21/03/2016,NSRGY,73.650002
22/03/2016,NSRGY,72.519997
23/03/2016,NSRGY,73.150002
24/03/2016,NSRGY,72.82
28/03/2016,NSRGY,72.550003
29/03/2016,NSRGY,74.529999
30/03/2016,NSRGY,74.970001
31/03/2016,NSRGY,74.610001
01/04/2016,NSRGY,74.040001
04/04/2016,NSRGY,73.870003
05/04/2016,NSRGY,74
06/04/2016,NSRGY,75.150002
07/04/2016,NSRGY,75.290001
08/04/2016,NSRGY,74.25
11/04/2016,NSRGY,73.110001
12/04/2016,NSRGY,73.529999
13/04/2016,NSRGY,73.809998
14/04/2016,NSRGY,74.919998
15/04/2016,NSRGY,75.040001
18/04/2016,NSRGY,75.459999
19/04/2016,NSRGY,76.889999
20/04/2016,NSRGY,76.160004
21/04/2016,NSRGY,75.139999
22/04/2016,NSRGY,73.959999
25/04/2016,NSRGY,73.910004
26/04/2016,NSRGY,74.120003
27/04/2016,NSRGY,74.559998
28/04/2016,NSRGY,74.349998
29/04/2016,NSRGY,74.57
02/05/2016,NSRGY,75.080002
03/05/2016,NSRGY,74.730003
04/05/2016,NSRGY,73.5
05/05/2016,NSRGY,72.669998
06/05/2016,NSRGY,73.190002
09/05/2016,NSRGY,73.470001
10/05/2016,NSRGY,74.300003
11/05/2016,NSRGY,74.82
12/05/2016,NSRGY,74.900002
13/05/2016,NSRGY,74.32
16/05/2016,NSRGY,74.519997
17/05/2016,NSRGY,73.879997
18/05/2016,NSRGY,73.730003
19/05/2016,NSRGY,73.040001
20/05/2016,NSRGY,73.279999
23/05/2016,NSRGY,73.550003
24/05/2016,NSRGY,73.980003
25/05/2016,NSRGY,73.980003
26/05/2016,NSRGY,74.919998
27/05/2016,NSRGY,74.940002
31/05/2016,NSRGY,73.900002
01/06/2016,NSRGY,74.260002
02/06/2016,NSRGY,74.489998
03/06/2016,NSRGY,75.279999
06/06/2016,NSRGY,75.610001
07/06/2016,NSRGY,76.290001
08/06/2016,NSRGY,76.400002
09/06/2016,NSRGY,75.699997
10/06/2016,NSRGY,74.440002
13/06/2016,NSRGY,73.470001
14/06/2016,NSRGY,72.68
15/06/2016,NSRGY,72.690002
16/06/2016,NSRGY,73.010002
17/06/2016,NSRGY,73.199997
20/06/2016,NSRGY,73.519997
21/06/2016,NSRGY,74.860001
22/06/2016,NSRGY,74.339996
23/06/2016,NSRGY,76.07
24/06/2016,NSRGY,72.589996
27/06/2016,NSRGY,73.110001
28/06/2016,NSRGY,75.370003
29/06/2016,NSRGY,76.059998
30/06/2016,NSRGY,77.309998
01/07/2016,NSRGY,78.089996
05/07/2016,NSRGY,77
06/07/2016,NSRGY,78.040001
07/07/2016,NSRGY,77.989998
08/07/2016,NSRGY,78.389999
11/07/2016,NSRGY,79.050003
12/07/2016,NSRGY,78.589996
13/07/2016,NSRGY,78.75
14/07/2016,NSRGY,79.209999
15/07/2016,NSRGY,78.82
18/07/2016,NSRGY,79.099998
19/07/2016,NSRGY,78.68
20/07/2016,NSRGY,78.860001
21/07/2016,NSRGY,78.650002
22/07/2016,NSRGY,78.970001
25/07/2016,NSRGY,79.150002
26/07/2016,NSRGY,78.949997
27/07/2016,NSRGY,78.900002
28/07/2016,NSRGY,78.650002
29/07/2016,NSRGY,80.230003
01/08/2016,NSRGY,79.669998
02/08/2016,NSRGY,79.839996
03/08/2016,NSRGY,79.099998
04/08/2016,NSRGY,79.639999
05/08/2016,NSRGY,79.57
08/08/2016,NSRGY,78.769997
09/08/2016,NSRGY,79.370003
10/08/2016,NSRGY,79.449997
11/08/2016,NSRGY,81.629997
12/08/2016,NSRGY,81.849998
15/08/2016,NSRGY,81.959999
16/08/2016,NSRGY,81.669998
17/08/2016,NSRGY,81.540001
18/08/2016,NSRGY,82.980003
19/08/2016,NSRGY,81.900002
22/08/2016,NSRGY,81.019997
23/08/2016,NSRGY,80.790001
24/08/2016,NSRGY,80.099998
25/08/2016,NSRGY,79.989998
26/08/2016,NSRGY,79.370003
29/08/2016,NSRGY,79.57
30/08/2016,NSRGY,79.480003
31/08/2016,NSRGY,79.5
01/09/2016,NSRGY,79.389999
02/09/2016,NSRGY,80.559998
06/09/2016,NSRGY,81.449997
07/09/2016,NSRGY,81.389999
08/09/2016,NSRGY,80.889999
09/09/2016,NSRGY,79.720001
12/09/2016,NSRGY,80.330002
13/09/2016,NSRGY,79
14/09/2016,NSRGY,79.449997
15/09/2016,NSRGY,79.57
16/09/2016,NSRGY,78.379997
19/09/2016,NSRGY,78.540001
20/09/2016,NSRGY,79.25
21/09/2016,NSRGY,79.379997
22/09/2016,NSRGY,80.610001
23/09/2016,NSRGY,79.089996
26/09/2016,NSRGY,78.739998
27/09/2016,NSRGY,79.459999
28/09/2016,NSRGY,79.5
29/09/2016,NSRGY,79.599998
30/09/2016,NSRGY,79.019997
03/10/2016,NSRGY,78.919998
04/10/2016,NSRGY,78.550003
05/10/2016,NSRGY,78.139999
06/10/2016,NSRGY,77.849998
07/10/2016,NSRGY,76.830002
10/10/2016,NSRGY,76.860001
11/10/2016,NSRGY,75.900002
12/10/2016,NSRGY,75.690002
13/10/2016,NSRGY,75.419998
14/10/2016,NSRGY,76.059998
17/10/2016,NSRGY,75.410004
18/10/2016,NSRGY,75.629997
19/10/2016,NSRGY,75.309998
20/10/2016,NSRGY,74.510002
21/10/2016,NSRGY,73.290001
24/10/2016,NSRGY,72.68
25/10/2016,NSRGY,72.269997
26/10/2016,NSRGY,72.470001
27/10/2016,NSRGY,73.660004
28/10/2016,NSRGY,73.400002
31/10/2016,NSRGY,72.650002
01/11/2016,NSRGY,73.18
02/11/2016,NSRGY,73.440002
03/11/2016,NSRGY,72.400002
04/11/2016,NSRGY,72.519997
07/11/2016,NSRGY,73.019997
08/11/2016,NSRGY,72.980003
09/11/2016,NSRGY,71.769997
10/11/2016,NSRGY,69.989998
11/11/2016,NSRGY,69.589996
14/11/2016,NSRGY,68.089996
15/11/2016,NSRGY,68.75
16/11/2016,NSRGY,69.010002
17/11/2016,NSRGY,68.580002
18/11/2016,NSRGY,67.839996
21/11/2016,NSRGY,67.690002
22/11/2016,NSRGY,66.989998
23/11/2016,NSRGY,66.620003
25/11/2016,NSRGY,68.220001
28/11/2016,NSRGY,67.599998
29/11/2016,NSRGY,67.610001
30/11/2016,NSRGY,67.300003
01/12/2016,NSRGY,66.599998
02/12/2016,NSRGY,67.449997
05/12/2016,NSRGY,67.699997
06/12/2016,NSRGY,67.790001
07/12/2016,NSRGY,67.690002
08/12/2016,NSRGY,67.519997
09/12/2016,NSRGY,69.860001
12/12/2016,NSRGY,69.580002
13/12/2016,NSRGY,71.519997
14/12/2016,NSRGY,70.5
15/12/2016,NSRGY,70.260002
16/12/2016,NSRGY,70.57
19/12/2016,NSRGY,71.160004
20/12/2016,NSRGY,70.900002
21/12/2016,NSRGY,70.949997
22/12/2016,NSRGY,71.360001
23/12/2016,NSRGY,71.209999
27/12/2016,NSRGY,71.139999
28/12/2016,NSRGY,70.830002
29/12/2016,NSRGY,71.400002
30/12/2016,NSRGY,71.739998
03/01/2017,NSRGY,71.349998
04/01/2017,NSRGY,71.900002
05/01/2017,NSRGY,73.580002
06/01/2017,NSRGY,73.519997
09/01/2017,NSRGY,73.589996
10/01/2017,NSRGY,73.760002
11/01/2017,NSRGY,73.349998
12/01/2017,NSRGY,74
13/01/2017,NSRGY,73.989998
17/01/2017,NSRGY,73.349998
18/01/2017,NSRGY,73.239998
19/01/2017,NSRGY,72.690002
20/01/2017,NSRGY,73.07
23/01/2017,NSRGY,73.389999
24/01/2017,NSRGY,73.379997
25/01/2017,NSRGY,73.82
26/01/2017,NSRGY,72.870003
27/01/2017,NSRGY,73.400002
30/01/2017,NSRGY,72.870003
31/01/2017,NSRGY,73.220001
01/02/2017,NSRGY,72.959999
02/02/2017,NSRGY,72.790001
03/02/2017,NSRGY,73.690002
06/02/2017,NSRGY,73.440002
07/02/2017,NSRGY,73.120003
08/02/2017,NSRGY,74.57
09/02/2017,NSRGY,73.949997
10/02/2017,NSRGY,73.480003
13/02/2017,NSRGY,73.309998
14/02/2017,NSRGY,72.660004
15/02/2017,NSRGY,72.669998
16/02/2017,NSRGY,72.620003
17/02/2017,NSRGY,73.739998
21/02/2017,NSRGY,72.919998
22/02/2017,NSRGY,73.800003
23/02/2017,NSRGY,74.199997
24/02/2017,NSRGY,74.019997
27/02/2017,NSRGY,73.790001
28/02/2017,NSRGY,73.690002
01/03/2017,NSRGY,74.089996
02/03/2017,NSRGY,73.769997
03/03/2017,NSRGY,74.029999
06/03/2017,NSRGY,74.330002
07/03/2017,NSRGY,74.550003
08/03/2017,NSRGY,74.050003
09/03/2017,NSRGY,74.540001
10/03/2017,NSRGY,74.720001
13/03/2017,NSRGY,75.610001
14/03/2017,NSRGY,75.580002
15/03/2017,NSRGY,76.879997
16/03/2017,NSRGY,77.139999
17/03/2017,NSRGY,77.470001
20/03/2017,NSRGY,77.529999
21/03/2017,NSRGY,77.389999
22/03/2017,NSRGY,77.769997
23/03/2017,NSRGY,77.849998
24/03/2017,NSRGY,77.889999
27/03/2017,NSRGY,78.650002
28/03/2017,NSRGY,77.949997
29/03/2017,NSRGY,78.029999
30/03/2017,NSRGY,77.150002
31/03/2017,NSRGY,76.900002
03/04/2017,NSRGY,76.889999
04/04/2017,NSRGY,76.809998
05/04/2017,NSRGY,76.040001
06/04/2017,NSRGY,76.260002
07/04/2017,NSRGY,74.699997
10/04/2017,NSRGY,74.769997
11/04/2017,NSRGY,75.440002
12/04/2017,NSRGY,76.300003
13/04/2017,NSRGY,76.07
17/04/2017,NSRGY,76.370003
18/04/2017,NSRGY,76.349998
19/04/2017,NSRGY,75.139999
20/04/2017,NSRGY,75.790001
21/04/2017,NSRGY,75.75
24/04/2017,NSRGY,77.410004
25/04/2017,NSRGY,77.860001
26/04/2017,NSRGY,77.669998
27/04/2017,NSRGY,77.870003
28/04/2017,NSRGY,77
01/05/2017,NSRGY,77.190002
02/05/2017,NSRGY,77.800003
03/05/2017,NSRGY,78.07
04/05/2017,NSRGY,79.849998
05/05/2017,NSRGY,81.059998
08/05/2017,NSRGY,80.400002
09/05/2017,NSRGY,80.25
10/05/2017,NSRGY,80.050003
11/05/2017,NSRGY,80.089996
12/05/2017,NSRGY,81.110001
15/05/2017,NSRGY,81.610001
16/05/2017,NSRGY,83.269997
17/05/2017,NSRGY,82.809998
18/05/2017,NSRGY,82.809998
19/05/2017,NSRGY,84.800003
22/05/2017,NSRGY,85.279999
23/05/2017,NSRGY,84.75
24/05/2017,NSRGY,84.160004
25/05/2017,NSRGY,84.279999
26/05/2017,NSRGY,84.830002
30/05/2017,NSRGY,84.480003
31/05/2017,NSRGY,85.160004
01/06/2017,NSRGY,85.510002
02/06/2017,NSRGY,86.449997
05/06/2017,NSRGY,85.839996
06/06/2017,NSRGY,86.849998
07/06/2017,NSRGY,85.790001
08/06/2017,NSRGY,83.870003
09/06/2017,NSRGY,83.18
12/06/2017,NSRGY,83.089996
13/06/2017,NSRGY,83.290001
14/06/2017,NSRGY,83.160004
15/06/2017,NSRGY,83.93
16/06/2017,NSRGY,85.699997
19/06/2017,NSRGY,85.489998
20/06/2017,NSRGY,86.099998
21/06/2017,NSRGY,84.919998
22/06/2017,NSRGY,84.43
23/06/2017,NSRGY,84.830002
26/06/2017,NSRGY,88.169998
27/06/2017,NSRGY,89.230003
28/06/2017,NSRGY,89.050003
29/06/2017,NSRGY,87.699997
30/06/2017,NSRGY,87.199997
03/07/2017,NSRGY,86.900002
05/07/2017,NSRGY,85.480003
06/07/2017,NSRGY,85.150002
07/07/2017,NSRGY,85.080002
10/07/2017,NSRGY,85.910004
11/07/2017,NSRGY,85.599998
12/07/2017,NSRGY,87.040001
13/07/2017,NSRGY,86.919998
14/07/2017,NSRGY,87.129997
17/07/2017,NSRGY,86.830002
18/07/2017,NSRGY,86.809998
19/07/2017,NSRGY,87.260002
20/07/2017,NSRGY,87.690002
21/07/2017,NSRGY,87.599998
24/07/2017,NSRGY,86.580002
25/07/2017,NSRGY,86.540001
26/07/2017,NSRGY,86.349998
27/07/2017,NSRGY,84.400002
28/07/2017,NSRGY,84.300003
31/07/2017,NSRGY,84.290001
01/08/2017,NSRGY,84.889999
02/08/2017,NSRGY,84.949997
03/08/2017,NSRGY,85.139999
04/08/2017,NSRGY,85.360001
07/08/2017,NSRGY,85.559998
08/08/2017,NSRGY,85.07
09/08/2017,NSRGY,85.43
10/08/2017,NSRGY,84.559998
11/08/2017,NSRGY,84.129997
14/08/2017,NSRGY,84.790001
15/08/2017,NSRGY,84.220001
16/08/2017,NSRGY,84.489998
17/08/2017,NSRGY,83.860001
18/08/2017,NSRGY,83.760002
21/08/2017,NSRGY,84.489998
22/08/2017,NSRGY,84.989998
23/08/2017,NSRGY,84.760002
24/08/2017,NSRGY,84.080002
25/08/2017,NSRGY,84.080002
28/08/2017,NSRGY,84
29/08/2017,NSRGY,84.699997
30/08/2017,NSRGY,84.120003
31/08/2017,NSRGY,84.760002
01/09/2017,NSRGY,84.169998
05/09/2017,NSRGY,84.370003
06/09/2017,NSRGY,84.260002
07/09/2017,NSRGY,85.029999
08/09/2017,NSRGY,85.129997
11/09/2017,NSRGY,85.169998
12/09/2017,NSRGY,84.690002
13/09/2017,NSRGY,84.120003
14/09/2017,NSRGY,83.940002
15/09/2017,NSRGY,84.349998
18/09/2017,NSRGY,84.43
19/09/2017,NSRGY,84.599998
20/09/2017,NSRGY,83.449997
21/09/2017,NSRGY,83.410004
22/09/2017,NSRGY,82.870003
25/09/2017,NSRGY,83.75
26/09/2017,NSRGY,85.300003
27/09/2017,NSRGY,83.910004
28/09/2017,NSRGY,83.599998
29/09/2017,NSRGY,84.010002
02/10/2017,NSRGY,84.699997
03/10/2017,NSRGY,85.620003
04/10/2017,NSRGY,85.370003
05/10/2017,NSRGY,85.040001
06/10/2017,NSRGY,84.82
09/10/2017,NSRGY,85.07
10/10/2017,NSRGY,85.860001
11/10/2017,NSRGY,86.139999
12/10/2017,NSRGY,86.57
13/10/2017,NSRGY,87.089996
16/10/2017,NSRGY,86.370003
17/10/2017,NSRGY,85.769997
18/10/2017,NSRGY,86.300003
19/10/2017,NSRGY,86.040001
20/10/2017,NSRGY,84.800003
23/10/2017,NSRGY,83.809998
24/10/2017,NSRGY,83.629997
25/10/2017,NSRGY,82.629997
26/10/2017,NSRGY,83.209999
27/10/2017,NSRGY,82.650002
30/10/2017,NSRGY,83.150002
31/10/2017,NSRGY,84.230003
01/11/2017,NSRGY,83.610001
02/11/2017,NSRGY,84.199997
03/11/2017,NSRGY,84.760002
06/11/2017,NSRGY,84.709999
07/11/2017,NSRGY,83.730003
08/11/2017,NSRGY,84.360001
09/11/2017,NSRGY,84.330002
10/11/2017,NSRGY,84.059998
13/11/2017,NSRGY,84.839996
14/11/2017,NSRGY,84.769997
15/11/2017,NSRGY,84.419998
16/11/2017,NSRGY,84.410004
17/11/2017,NSRGY,85.110001
20/11/2017,NSRGY,85.139999
21/11/2017,NSRGY,85.599998
22/11/2017,NSRGY,85.790001
24/11/2017,NSRGY,87.099998
27/11/2017,NSRGY,86.5
28/11/2017,NSRGY,87.599998
29/11/2017,NSRGY,86.169998
30/11/2017,NSRGY,85.410004
01/12/2017,NSRGY,86.089996
04/12/2017,NSRGY,85.510002
05/12/2017,NSRGY,85.480003
06/12/2017,NSRGY,86.639999
07/12/2017,NSRGY,86.160004
08/12/2017,NSRGY,86.050003
11/12/2017,NSRGY,85.709999
12/12/2017,NSRGY,86.059998
13/12/2017,NSRGY,86.669998
14/12/2017,NSRGY,85.959999
15/12/2017,NSRGY,85.230003
18/12/2017,NSRGY,85.120003
19/12/2017,NSRGY,84.660004
20/12/2017,NSRGY,83.870003
21/12/2017,NSRGY,84.410004
22/12/2017,NSRGY,84.419998
26/12/2017,NSRGY,84.559998
27/12/2017,NSRGY,85.190002
28/12/2017,NSRGY,85.610001
29/12/2017,NSRGY,85.970001
02/01/2018,NSRGY,85.629997
03/01/2018,NSRGY,85.279999
04/01/2018,NSRGY,85.330002
05/01/2018,NSRGY,85.720001
08/01/2018,NSRGY,85.480003
09/01/2018,NSRGY,85.889999
10/01/2018,NSRGY,85.07
11/01/2018,NSRGY,84.519997
12/01/2018,NSRGY,85.099998
16/01/2018,NSRGY,86.199997
17/01/2018,NSRGY,86.279999
18/01/2018,NSRGY,86.25
19/01/2018,NSRGY,85.599998
22/01/2018,NSRGY,85.800003
23/01/2018,NSRGY,87.07
24/01/2018,NSRGY,86.970001
25/01/2018,NSRGY,86.050003
26/01/2018,NSRGY,86.760002
29/01/2018,NSRGY,85.68
30/01/2018,NSRGY,85.970001
31/01/2018,NSRGY,86.400002
01/02/2018,NSRGY,86.760002
02/02/2018,NSRGY,85.279999
05/02/2018,NSRGY,82.690002
06/02/2018,NSRGY,82.900002
07/02/2018,NSRGY,82.290001
08/02/2018,NSRGY,81.379997
09/02/2018,NSRGY,81.480003
12/02/2018,NSRGY,82.279999
13/02/2018,NSRGY,81.660004
14/02/2018,NSRGY,83.25
15/02/2018,NSRGY,82.029999
16/02/2018,NSRGY,81.339996
20/02/2018,NSRGY,79.860001
21/02/2018,NSRGY,79.410004
22/02/2018,NSRGY,80.580002
23/02/2018,NSRGY,80.980003
26/02/2018,NSRGY,81.730003
27/02/2018,NSRGY,80.760002
28/02/2018,NSRGY,79.529999
01/03/2018,NSRGY,78.580002
02/03/2018,NSRGY,78.940002
05/03/2018,NSRGY,79.989998
06/03/2018,NSRGY,79.650002
07/03/2018,NSRGY,79.029999
08/03/2018,NSRGY,79.730003
09/03/2018,NSRGY,80.5
12/03/2018,NSRGY,80.690002
13/03/2018,NSRGY,80.300003
14/03/2018,NSRGY,80.720001
15/03/2018,NSRGY,80.510002
16/03/2018,NSRGY,80.599998
19/03/2018,NSRGY,80
20/03/2018,NSRGY,79.5
21/03/2018,NSRGY,78.550003
22/03/2018,NSRGY,77.610001
23/03/2018,NSRGY,77.110001
26/03/2018,NSRGY,78.169998
27/03/2018,NSRGY,77.330002
28/03/2018,NSRGY,78.93
29/03/2018,NSRGY,79.050003
02/04/2018,NSRGY,78.18
03/04/2018,NSRGY,77.970001
04/04/2018,NSRGY,78.169998
05/04/2018,NSRGY,78.510002
06/04/2018,NSRGY,79.050003
09/04/2018,NSRGY,79.510002
10/04/2018,NSRGY,80.300003
11/04/2018,NSRGY,79.800003
12/04/2018,NSRGY,78.889999
13/04/2018,NSRGY,79.610001
16/04/2018,NSRGY,77.5
17/04/2018,NSRGY,77.830002
18/04/2018,NSRGY,77.510002
19/04/2018,NSRGY,77.32
20/04/2018,NSRGY,76.830002
23/04/2018,NSRGY,76.620003
24/04/2018,NSRGY,76.559998
25/04/2018,NSRGY,76.440002
26/04/2018,NSRGY,77.199997
27/04/2018,NSRGY,77.519997
30/04/2018,NSRGY,77.360001
01/05/2018,NSRGY,76.769997
02/05/2018,NSRGY,76.099998
03/05/2018,NSRGY,76.050003
04/05/2018,NSRGY,76.300003
07/05/2018,NSRGY,77.349998
08/05/2018,NSRGY,76.669998
09/05/2018,NSRGY,77.089996
10/05/2018,NSRGY,77.309998
11/05/2018,NSRGY,77.410004
14/05/2018,NSRGY,77.139999
15/05/2018,NSRGY,76.550003
16/05/2018,NSRGY,76.730003
17/05/2018,NSRGY,76.949997
18/05/2018,NSRGY,77.160004
21/05/2018,NSRGY,77.720001
22/05/2018,NSRGY,76.400002
23/05/2018,NSRGY,75.959999
24/05/2018,NSRGY,76.699997
25/05/2018,NSRGY,76.82
29/05/2018,NSRGY,76.550003
30/05/2018,NSRGY,76.230003
31/05/2018,NSRGY,75.669998
01/06/2018,NSRGY,76.019997
04/06/2018,NSRGY,76.07
05/06/2018,NSRGY,75.730003
06/06/2018,NSRGY,75.370003
07/06/2018,NSRGY,74.779999
08/06/2018,NSRGY,74.730003
11/06/2018,NSRGY,75.360001
12/06/2018,NSRGY,75.449997
13/06/2018,NSRGY,75.790001
14/06/2018,NSRGY,74.730003
15/06/2018,NSRGY,74.760002
18/06/2018,NSRGY,73.860001
19/06/2018,NSRGY,74.349998
20/06/2018,NSRGY,74.690002
21/06/2018,NSRGY,74.07
22/06/2018,NSRGY,75.830002
25/06/2018,NSRGY,75.660004
26/06/2018,NSRGY,75.800003
27/06/2018,NSRGY,75.589996
28/06/2018,NSRGY,76.5
29/06/2018,NSRGY,77.43
02/07/2018,NSRGY,77.910004
03/07/2018,NSRGY,79.43
05/07/2018,NSRGY,79.989998
06/07/2018,NSRGY,80.559998
09/07/2018,NSRGY,80.07
10/07/2018,NSRGY,80.129997
11/07/2018,NSRGY,79.75
12/07/2018,NSRGY,79.389999
13/07/2018,NSRGY,79.699997
16/07/2018,NSRGY,79.910004
17/07/2018,NSRGY,79.139999
18/07/2018,NSRGY,79.610001
19/07/2018,NSRGY,80.190002
20/07/2018,NSRGY,81.43
23/07/2018,NSRGY,81.110001
24/07/2018,NSRGY,80.400002
25/07/2018,NSRGY,80.860001
26/07/2018,NSRGY,81.660004
27/07/2018,NSRGY,81.559998
30/07/2018,NSRGY,82
31/07/2018,NSRGY,81.510002
01/08/2018,NSRGY,81.029999
02/08/2018,NSRGY,81.43
03/08/2018,NSRGY,81.959999
06/08/2018,NSRGY,81.82
07/08/2018,NSRGY,82.349998
08/08/2018,NSRGY,82.43
09/08/2018,NSRGY,82.300003
10/08/2018,NSRGY,81.010002
13/08/2018,NSRGY,81.059998
14/08/2018,NSRGY,81.629997
15/08/2018,NSRGY,81.75
16/08/2018,NSRGY,81.480003
17/08/2018,NSRGY,82.050003
20/08/2018,NSRGY,82.489998
21/08/2018,NSRGY,83.019997
22/08/2018,NSRGY,82.709999
23/08/2018,NSRGY,82.639999
24/08/2018,NSRGY,82.779999
27/08/2018,NSRGY,83.379997
28/08/2018,NSRGY,83.089996
29/08/2018,NSRGY,83.949997
30/08/2018,NSRGY,83.43
31/08/2018,NSRGY,83.75
04/09/2018,NSRGY,82.610001
05/09/2018,NSRGY,82.309998
06/09/2018,NSRGY,82.93
07/09/2018,NSRGY,82.940002
10/09/2018,NSRGY,83.349998
11/09/2018,NSRGY,82.959999
12/09/2018,NSRGY,83.790001
13/09/2018,NSRGY,84.029999
14/09/2018,NSRGY,84.010002
17/09/2018,NSRGY,83.709999
18/09/2018,NSRGY,83.239998
19/09/2018,NSRGY,82.75
20/09/2018,NSRGY,84.370003
21/09/2018,NSRGY,83.980003
24/09/2018,NSRGY,82.669998
25/09/2018,NSRGY,82.809998
26/09/2018,NSRGY,83.690002
27/09/2018,NSRGY,83.029999
28/09/2018,NSRGY,83.199997
01/10/2018,NSRGY,83.540001
02/10/2018,NSRGY,83.470001
03/10/2018,NSRGY,83.589996
04/10/2018,NSRGY,82.489998
05/10/2018,NSRGY,81.440002
08/10/2018,NSRGY,81.660004
09/10/2018,NSRGY,81.510002
10/10/2018,NSRGY,81.040001
11/10/2018,NSRGY,79.169998
12/10/2018,NSRGY,79.449997
15/10/2018,NSRGY,79.779999
16/10/2018,NSRGY,80.940002
17/10/2018,NSRGY,79.599998
18/10/2018,NSRGY,79.510002
19/10/2018,NSRGY,82.860001
22/10/2018,NSRGY,83.489998
23/10/2018,NSRGY,83.849998
24/10/2018,NSRGY,83.239998
25/10/2018,NSRGY,83.940002
26/10/2018,NSRGY,83.839996
29/10/2018,NSRGY,82.889999
30/10/2018,NSRGY,84.160004
31/10/2018,NSRGY,84.279999
01/11/2018,NSRGY,84.800003
02/11/2018,NSRGY,83.75
05/11/2018,NSRGY,83.949997
06/11/2018,NSRGY,84.18
07/11/2018,NSRGY,84.669998
08/11/2018,NSRGY,84.370003
09/11/2018,NSRGY,84.870003
12/11/2018,NSRGY,84.120003
13/11/2018,NSRGY,84.269997
14/11/2018,NSRGY,83.389999
15/11/2018,NSRGY,83.650002
16/11/2018,NSRGY,84.269997
19/11/2018,NSRGY,83.529999
20/11/2018,NSRGY,83.769997
21/11/2018,NSRGY,84.389999
23/11/2018,NSRGY,84.599998
26/11/2018,NSRGY,84.660004
27/11/2018,NSRGY,84.800003
28/11/2018,NSRGY,85.050003
29/11/2018,NSRGY,85.389999
30/11/2018,NSRGY,85.220001
03/12/2018,NSRGY,85.449997
04/12/2018,NSRGY,85.400002
06/12/2018,NSRGY,84.730003
07/12/2018,NSRGY,85.209999
10/12/2018,NSRGY,84.470001
11/12/2018,NSRGY,85.190002
12/12/2018,NSRGY,86.099998
13/12/2018,NSRGY,85.139999
14/12/2018,NSRGY,83.5
17/12/2018,NSRGY,82.779999
18/12/2018,NSRGY,81.970001
19/12/2018,NSRGY,81.5
20/12/2018,NSRGY,81.260002
21/12/2018,NSRGY,80.779999
24/12/2018,NSRGY,80.040001
26/12/2018,NSRGY,80.900002
27/12/2018,NSRGY,79.529999
28/12/2018,NSRGY,80.720001
31/12/2018,NSRGY,80.959999
02/01/2019,NSRGY,80.169998
03/01/2019,NSRGY,82.209999
04/01/2019,NSRGY,83.589996
07/01/2019,NSRGY,82.709999
08/01/2019,NSRGY,82.970001
09/01/2019,NSRGY,83.739998
10/01/2019,NSRGY,84.389999
11/01/2019,NSRGY,84.510002
14/01/2019,NSRGY,84.43
15/01/2019,NSRGY,84.690002
16/01/2019,NSRGY,84.010002
17/01/2019,NSRGY,84.519997
18/01/2019,NSRGY,84.629997
22/01/2019,NSRGY,84.169998
23/01/2019,NSRGY,84.650002
24/01/2019,NSRGY,85.129997
25/01/2019,NSRGY,84.540001
28/01/2019,NSRGY,85.300003
29/01/2019,NSRGY,86.75
30/01/2019,NSRGY,87.059998
31/01/2019,NSRGY,87.239998
01/02/2019,NSRGY,86.660004
04/02/2019,NSRGY,86.230003
05/02/2019,NSRGY,87.260002
06/02/2019,NSRGY,86.620003
07/02/2019,NSRGY,86.150002
08/02/2019,NSRGY,86.739998
11/02/2019,NSRGY,86.110001
12/02/2019,NSRGY,85.790001
13/02/2019,NSRGY,85.800003
14/02/2019,NSRGY,87.550003
15/02/2019,NSRGY,88.82
19/02/2019,NSRGY,89.260002
20/02/2019,NSRGY,90.540001
21/02/2019,NSRGY,91.629997
22/02/2019,NSRGY,91.040001
25/02/2019,NSRGY,91
26/02/2019,NSRGY,91.099998
27/02/2019,NSRGY,89.980003
28/02/2019,NSRGY,90.330002
01/03/2019,NSRGY,90.760002
04/03/2019,NSRGY,90.949997
05/03/2019,NSRGY,91.629997
06/03/2019,NSRGY,91.220001
07/03/2019,NSRGY,91.510002
08/03/2019,NSRGY,91.940002
11/03/2019,NSRGY,92.160004
12/03/2019,NSRGY,92.25
13/03/2019,NSRGY,93.050003
14/03/2019,NSRGY,94.099998
15/03/2019,NSRGY,93.5
18/03/2019,NSRGY,94.32
19/03/2019,NSRGY,94.459999
20/03/2019,NSRGY,95.099998
21/03/2019,NSRGY,96.199997
22/03/2019,NSRGY,94.169998
25/03/2019,NSRGY,94.57
26/03/2019,NSRGY,95.739998
27/03/2019,NSRGY,95.599998
28/03/2019,NSRGY,95.529999
29/03/2019,NSRGY,95.32
01/04/2019,NSRGY,94.709999
02/04/2019,NSRGY,94.910004
03/04/2019,NSRGY,95.690002
04/04/2019,NSRGY,95.540001
05/04/2019,NSRGY,95.599998
08/04/2019,NSRGY,95.629997
09/04/2019,NSRGY,96.690002
10/04/2019,NSRGY,96.660004
11/04/2019,NSRGY,96.050003
12/04/2019,NSRGY,95.550003
15/04/2019,NSRGY,94.080002
16/04/2019,NSRGY,94.110001
17/04/2019,NSRGY,94.339996
18/04/2019,NSRGY,94.709999
22/04/2019,NSRGY,94.779999
23/04/2019,NSRGY,95.089996
24/04/2019,NSRGY,95.279999
25/04/2019,NSRGY,95.349998
26/04/2019,NSRGY,95.800003
29/04/2019,NSRGY,95.790001
30/04/2019,NSRGY,96.529999
01/05/2019,NSRGY,96.120003
02/05/2019,NSRGY,95.650002
03/05/2019,NSRGY,95.760002
06/05/2019,NSRGY,96.150002
07/05/2019,NSRGY,95.309998
08/05/2019,NSRGY,96.639999
09/05/2019,NSRGY,96.010002
10/05/2019,NSRGY,97
13/05/2019,NSRGY,96.809998
14/05/2019,NSRGY,96.620003
15/05/2019,NSRGY,97.900002
16/05/2019,NSRGY,99.339996
17/05/2019,NSRGY,98.800003
20/05/2019,NSRGY,98.660004
21/05/2019,NSRGY,98.010002
22/05/2019,NSRGY,98.910004
23/05/2019,NSRGY,98.830002
24/05/2019,NSRGY,99.080002
28/05/2019,NSRGY,97.690002
29/05/2019,NSRGY,97.75
30/05/2019,NSRGY,97.989998
31/05/2019,NSRGY,99.160004
03/06/2019,NSRGY,101.970001
04/06/2019,NSRGY,100.400002
05/06/2019,NSRGY,100.949997
06/06/2019,NSRGY,101.419998
07/06/2019,NSRGY,102.459999
10/06/2019,NSRGY,102.18
11/06/2019,NSRGY,101.809998
12/06/2019,NSRGY,101.940002
13/06/2019,NSRGY,101.389999
14/06/2019,NSRGY,101.709999
17/06/2019,NSRGY,101.75
18/06/2019,NSRGY,102.220001
19/06/2019,NSRGY,101.949997
20/06/2019,NSRGY,103.830002
21/06/2019,NSRGY,103.410004
24/06/2019,NSRGY,103.699997
25/06/2019,NSRGY,103.139999
26/06/2019,NSRGY,102.690002
27/06/2019,NSRGY,102.760002
28/06/2019,NSRGY,103.400002
01/07/2019,NSRGY,102.139999
02/07/2019,NSRGY,103.82
03/07/2019,NSRGY,103.839996
05/07/2019,NSRGY,103.279999
08/07/2019,NSRGY,103.870003
09/07/2019,NSRGY,103.720001
10/07/2019,NSRGY,103.82
11/07/2019,NSRGY,102.940002
12/07/2019,NSRGY,102.830002
15/07/2019,NSRGY,103.699997
16/07/2019,NSRGY,103.239998
17/07/2019,NSRGY,104.599998
18/07/2019,NSRGY,105.57
19/07/2019,NSRGY,104.419998
22/07/2019,NSRGY,104.589996
23/07/2019,NSRGY,104.629997
24/07/2019,NSRGY,104.260002
25/07/2019,NSRGY,103.239998
26/07/2019,NSRGY,104.800003
29/07/2019,NSRGY,106.209999
30/07/2019,NSRGY,106.32
31/07/2019,NSRGY,106.080002
01/08/2019,NSRGY,107.120003
02/08/2019,NSRGY,107.139999
05/08/2019,NSRGY,105.040001
06/08/2019,NSRGY,105.489998
07/08/2019,NSRGY,107.290001
08/08/2019,NSRGY,108.599998
09/08/2019,NSRGY,109.790001
12/08/2019,NSRGY,109.629997
13/08/2019,NSRGY,109.349998
14/08/2019,NSRGY,108.610001
15/08/2019,NSRGY,108.849998
16/08/2019,NSRGY,110.040001
19/08/2019,NSRGY,110.949997
20/08/2019,NSRGY,110.18
21/08/2019,NSRGY,110.519997
22/08/2019,NSRGY,110.379997
23/08/2019,NSRGY,109.989998
26/08/2019,NSRGY,110.419998
27/08/2019,NSRGY,110.790001
28/08/2019,NSRGY,111.160004
29/08/2019,NSRGY,111.760002
30/08/2019,NSRGY,112.389999
03/09/2019,NSRGY,112.370003
04/09/2019,NSRGY,114.349998
05/09/2019,NSRGY,113.220001
06/09/2019,NSRGY,114.650002
09/09/2019,NSRGY,111.709999
10/09/2019,NSRGY,109.5
11/09/2019,NSRGY,109.75
12/09/2019,NSRGY,110.910004
13/09/2019,NSRGY,107.150002
16/09/2019,NSRGY,105.889999
17/09/2019,NSRGY,107.5
18/09/2019,NSRGY,107.019997
19/09/2019,NSRGY,107.75
20/09/2019,NSRGY,107.650002
23/09/2019,NSRGY,108.220001
24/09/2019,NSRGY,109.419998
25/09/2019,NSRGY,107.599998
26/09/2019,NSRGY,108.580002
27/09/2019,NSRGY,108.550003
30/09/2019,NSRGY,108.400002
01/10/2019,NSRGY,107.160004
02/10/2019,NSRGY,105.559998
03/10/2019,NSRGY,106.540001
04/10/2019,NSRGY,107.800003
07/10/2019,NSRGY,108.459999
08/10/2019,NSRGY,107.580002
09/10/2019,NSRGY,108.32
10/10/2019,NSRGY,107.639999
11/10/2019,NSRGY,107
14/10/2019,NSRGY,106.040001
15/10/2019,NSRGY,106.18
16/10/2019,NSRGY,106.290001
17/10/2019,NSRGY,105.110001
18/10/2019,NSRGY,104.589996
21/10/2019,NSRGY,103.290001
22/10/2019,NSRGY,103.269997
23/10/2019,NSRGY,103.650002
24/10/2019,NSRGY,104.959999
25/10/2019,NSRGY,105.389999
28/10/2019,NSRGY,105.190002
29/10/2019,NSRGY,105.639999
30/10/2019,NSRGY,107.029999
31/10/2019,NSRGY,107.160004
01/11/2019,NSRGY,106.660004
04/11/2019,NSRGY,105.550003
05/11/2019,NSRGY,104.730003
06/11/2019,NSRGY,105.580002
07/11/2019,NSRGY,104.43
08/11/2019,NSRGY,104.480003
11/11/2019,NSRGY,105.080002
12/11/2019,NSRGY,104.489998
13/11/2019,NSRGY,106.010002
14/11/2019,NSRGY,104.760002
15/11/2019,NSRGY,105.279999
18/11/2019,NSRGY,105.300003
19/11/2019,NSRGY,104.720001
20/11/2019,NSRGY,105.120003
21/11/2019,NSRGY,103.870003
22/11/2019,NSRGY,103.650002
25/11/2019,NSRGY,104.5
26/11/2019,NSRGY,104.360001
27/11/2019,NSRGY,104.379997
29/11/2019,NSRGY,103.940002
02/12/2019,NSRGY,103.669998
03/12/2019,NSRGY,103.260002
04/12/2019,NSRGY,103.690002
05/12/2019,NSRGY,103.839996
06/12/2019,NSRGY,104.790001
09/12/2019,NSRGY,104.970001
10/12/2019,NSRGY,104.300003
11/12/2019,NSRGY,104.730003
12/12/2019,NSRGY,104.489998
13/12/2019,NSRGY,104.690002
16/12/2019,NSRGY,105.910004
17/12/2019,NSRGY,105.370003
18/12/2019,NSRGY,106.050003
19/12/2019,NSRGY,106.540001
20/12/2019,NSRGY,108.089996
23/12/2019,NSRGY,108.800003
24/12/2019,NSRGY,108.589996
26/12/2019,NSRGY,108.709999
27/12/2019,NSRGY,108.980003
30/12/2019,NSRGY,107.849998
31/12/2019,NSRGY,108.260002
02/01/2020,NSRGY,108.099998
03/01/2020,NSRGY,109.110001
06/01/2020,NSRGY,109.989998
07/01/2020,NSRGY,107.940002
08/01/2020,NSRGY,106.370003
09/01/2020,NSRGY,105.910004
10/01/2020,NSRGY,105.489998
13/01/2020,NSRGY,106.68
14/01/2020,NSRGY,106.589996
15/01/2020,NSRGY,107.440002
16/01/2020,NSRGY,108.769997
17/01/2020,NSRGY,110.129997
21/01/2020,NSRGY,112
22/01/2020,NSRGY,112.400002
23/01/2020,NSRGY,111.699997
24/01/2020,NSRGY,111.860001
27/01/2020,NSRGY,111.050003
28/01/2020,NSRGY,111.720001
29/01/2020,NSRGY,111.440002
30/01/2020,NSRGY,111.669998
31/01/2020,NSRGY,110.260002
03/02/2020,NSRGY,110.489998
04/02/2020,NSRGY,111.279999
05/02/2020,NSRGY,112.07
06/02/2020,NSRGY,111.940002
07/02/2020,NSRGY,111.540001
10/02/2020,NSRGY,111.830002
11/02/2020,NSRGY,110.650002
12/02/2020,NSRGY,109.269997
13/02/2020,NSRGY,107.239998
14/02/2020,NSRGY,109.480003
18/02/2020,NSRGY,109.970001
19/02/2020,NSRGY,111.199997
20/02/2020,NSRGY,111.559998
21/02/2020,NSRGY,111.089996
24/02/2020,NSRGY,107.57
25/02/2020,NSRGY,106.43
26/02/2020,NSRGY,106.139999
27/02/2020,NSRGY,103.32
28/02/2020,NSRGY,102.910004
02/03/2020,NSRGY,105.730003
03/03/2020,NSRGY,107.849998
04/03/2020,NSRGY,112.029999
05/03/2020,NSRGY,110.32
06/03/2020,NSRGY,107.889999
09/03/2020,NSRGY,103.449997
10/03/2020,NSRGY,106.120003
11/03/2020,NSRGY,101.43
12/03/2020,NSRGY,93.129997
13/03/2020,NSRGY,97.419998
16/03/2020,NSRGY,92.419998
17/03/2020,NSRGY,97.849998
18/03/2020,NSRGY,96.379997
19/03/2020,NSRGY,99.43
20/03/2020,NSRGY,96.260002
23/03/2020,NSRGY,92.949997
24/03/2020,NSRGY,95.010002
25/03/2020,NSRGY,98.230003
26/03/2020,NSRGY,102.5
27/03/2020,NSRGY,102.440002
30/03/2020,NSRGY,104.540001
31/03/2020,NSRGY,102.989998
01/04/2020,NSRGY,102.160004
02/04/2020,NSRGY,104.540001
03/04/2020,NSRGY,104.760002
06/04/2020,NSRGY,106.610001
07/04/2020,NSRGY,105.199997
08/04/2020,NSRGY,107.050003
09/04/2020,NSRGY,106.269997
13/04/2020,NSRGY,105.760002
14/04/2020,NSRGY,107.610001
15/04/2020,NSRGY,107.25
16/04/2020,NSRGY,108.470001
17/04/2020,NSRGY,109.959999
20/04/2020,NSRGY,110.809998
21/04/2020,NSRGY,107.959999
22/04/2020,NSRGY,109.190002
23/04/2020,NSRGY,106
24/04/2020,NSRGY,109.220001
27/04/2020,NSRGY,107.040001
28/04/2020,NSRGY,106.459999
29/04/2020,NSRGY,105.510002
30/04/2020,NSRGY,105.099998
01/05/2020,NSRGY,104.379997
04/05/2020,NSRGY,103.949997
05/05/2020,NSRGY,103.970001
06/05/2020,NSRGY,105.25
07/05/2020,NSRGY,106.309998
08/05/2020,NSRGY,108
11/05/2020,NSRGY,108.75
12/05/2020,NSRGY,108.400002
13/05/2020,NSRGY,107.650002
14/05/2020,NSRGY,106.459999
15/05/2020,NSRGY,106.720001
18/05/2020,NSRGY,108.139999
19/05/2020,NSRGY,107.32
20/05/2020,NSRGY,108.599998
21/05/2020,NSRGY,106.629997
22/05/2020,NSRGY,105.779999
26/05/2020,NSRGY,105.5
27/05/2020,NSRGY,104.330002
28/05/2020,NSRGY,105.959999
29/05/2020,NSRGY,108.029999
01/06/2020,NSRGY,108.650002
02/06/2020,NSRGY,107.620003
03/06/2020,NSRGY,108.349998
04/06/2020,NSRGY,107.150002
05/06/2020,NSRGY,106.349998
08/06/2020,NSRGY,108.779999
09/06/2020,NSRGY,110.419998
10/06/2020,NSRGY,111.449997
11/06/2020,NSRGY,108.709999
12/06/2020,NSRGY,108.639999
15/06/2020,NSRGY,110.019997
16/06/2020,NSRGY,110.190002
17/06/2020,NSRGY,113.389999
18/06/2020,NSRGY,112.199997
19/06/2020,NSRGY,112.239998
22/06/2020,NSRGY,112.470001
23/06/2020,NSRGY,111.940002
24/06/2020,NSRGY,110.290001
25/06/2020,NSRGY,111.07
26/06/2020,NSRGY,110.419998
29/06/2020,NSRGY,109.900002
30/06/2020,NSRGY,110.440002
01/07/2020,NSRGY,111.540001
02/07/2020,NSRGY,111.68
06/07/2020,NSRGY,112.720001
07/07/2020,NSRGY,111.349998
08/07/2020,NSRGY,112.690002
09/07/2020,NSRGY,112.379997
10/07/2020,NSRGY,113.5
13/07/2020,NSRGY,113.050003
14/07/2020,NSRGY,114.019997
15/07/2020,NSRGY,114.790001
16/07/2020,NSRGY,114.629997
17/07/2020,NSRGY,115.889999
20/07/2020,NSRGY,115.879997
21/07/2020,NSRGY,115.519997
22/07/2020,NSRGY,118.010002
23/07/2020,NSRGY,119.379997
24/07/2020,NSRGY,118.330002
27/07/2020,NSRGY,119.949997
28/07/2020,NSRGY,120.489998
29/07/2020,NSRGY,121.699997
30/07/2020,NSRGY,121.099998
31/07/2020,NSRGY,117.849998
03/08/2020,NSRGY,119
04/08/2020,NSRGY,119.330002
05/08/2020,NSRGY,118.25
06/08/2020,NSRGY,118.349998
07/08/2020,NSRGY,118.470001
10/08/2020,NSRGY,118.300003
11/08/2020,NSRGY,117.169998
12/08/2020,NSRGY,119.309998
13/08/2020,NSRGY,119.639999
14/08/2020,NSRGY,119.260002
17/08/2020,NSRGY,120.550003
18/08/2020,NSRGY,120.739998
19/08/2020,NSRGY,120.919998
20/08/2020,NSRGY,120.970001
21/08/2020,NSRGY,120.910004
24/08/2020,NSRGY,121.050003
25/08/2020,NSRGY,120.809998
26/08/2020,NSRGY,121.75
27/08/2020,NSRGY,120.879997
28/08/2020,NSRGY,120.449997
31/08/2020,NSRGY,120.410004
01/09/2020,NSRGY,119.150002
02/09/2020,NSRGY,121.589996
03/09/2020,NSRGY,119.93
04/09/2020,NSRGY,119.519997
08/09/2020,NSRGY,117.629997
09/09/2020,NSRGY,120.150002
10/09/2020,NSRGY,119.75
11/09/2020,NSRGY,120.43
14/09/2020,NSRGY,120.489998
15/09/2020,NSRGY,120.660004
16/09/2020,NSRGY,120.370003
17/09/2020,NSRGY,120.309998
18/09/2020,NSRGY,119.07
21/09/2020,NSRGY,119.169998
22/09/2020,NSRGY,119
23/09/2020,NSRGY,117.209999
24/09/2020,NSRGY,117.029999
25/09/2020,NSRGY,118.769997
28/09/2020,NSRGY,118.550003
29/09/2020,NSRGY,119.059998
30/09/2020,NSRGY,119.260002
01/10/2020,NSRGY,119.849998
02/10/2020,NSRGY,119.779999
05/10/2020,NSRGY,120.290001
06/10/2020,NSRGY,117.620003
07/10/2020,NSRGY,117.699997
08/10/2020,NSRGY,117.93
09/10/2020,NSRGY,119.300003
12/10/2020,NSRGY,120.949997
13/10/2020,NSRGY,119.949997
14/10/2020,NSRGY,118.459999
15/10/2020,NSRGY,117.559998
16/10/2020,NSRGY,117.660004
19/10/2020,NSRGY,117.050003
20/10/2020,NSRGY,117.459999
21/10/2020,NSRGY,117.760002
22/10/2020,NSRGY,116.790001
23/10/2020,NSRGY,118.239998
26/10/2020,NSRGY,117.610001
27/10/2020,NSRGY,116.559998
28/10/2020,NSRGY,113.690002
29/10/2020,NSRGY,112.949997
30/10/2020,NSRGY,112.269997
02/11/2020,NSRGY,113.839996
03/11/2020,NSRGY,116.660004
04/11/2020,NSRGY,118.480003
05/11/2020,NSRGY,118.330002
06/11/2020,NSRGY,118.209999
09/11/2020,NSRGY,114.480003
10/11/2020,NSRGY,113.849998
11/11/2020,NSRGY,115.639999
12/11/2020,NSRGY,115.779999
13/11/2020,NSRGY,116.690002
16/11/2020,NSRGY,115.150002
17/11/2020,NSRGY,115.720001
18/11/2020,NSRGY,114.550003
19/11/2020,NSRGY,114.82
20/11/2020,NSRGY,114.050003
23/11/2020,NSRGY,111.050003
24/11/2020,NSRGY,111.459999
25/11/2020,NSRGY,112
27/11/2020,NSRGY,112.709999
30/11/2020,NSRGY,111.080002
01/12/2020,NSRGY,111.870003
02/12/2020,NSRGY,111.739998
03/12/2020,NSRGY,111.080002
04/12/2020,NSRGY,111.620003
07/12/2020,NSRGY,111.419998
08/12/2020,NSRGY,111.589996
09/12/2020,NSRGY,112.599998
10/12/2020,NSRGY,112.279999
11/12/2020,NSRGY,113.199997
14/12/2020,NSRGY,112.120003
15/12/2020,NSRGY,112.68
16/12/2020,NSRGY,113.169998
17/12/2020,NSRGY,114.900002
18/12/2020,NSRGY,116.190002
21/12/2020,NSRGY,113.82
22/12/2020,NSRGY,114.209999
23/12/2020,NSRGY,113.949997
24/12/2020,NSRGY,113.519997
28/12/2020,NSRGY,116.279999
29/12/2020,NSRGY,117.910004
30/12/2020,NSRGY,118.57
31/12/2020,NSRGY,117.800003
04/01/2021,NSRGY,118.610001
05/01/2021,NSRGY,118.139999
06/01/2021,NSRGY,115.68
07/01/2021,NSRGY,115.290001
08/01/2021,NSRGY,114.839996
11/01/2021,NSRGY,113.209999
12/01/2021,NSRGY,113.129997
13/01/2021,NSRGY,113.32
14/01/2021,NSRGY,112.650002
15/01/2021,NSRGY,113.220001
19/01/2021,NSRGY,113.550003
20/01/2021,NSRGY,113.699997
21/01/2021,NSRGY,113.379997
22/01/2021,NSRGY,114.309998
25/01/2021,NSRGY,115.290001
26/01/2021,NSRGY,116.669998
27/01/2021,NSRGY,116.870003
28/01/2021,NSRGY,115.529999
29/01/2021,NSRGY,112.300003
01/02/2021,NSRGY,114.389999
02/02/2021,NSRGY,114.260002
03/02/2021,NSRGY,113.559998
04/02/2021,NSRGY,112.629997
05/02/2021,NSRGY,111.040001
08/02/2021,NSRGY,110.400002
09/02/2021,NSRGY,111.230003
10/02/2021,NSRGY,112.550003
11/02/2021,NSRGY,113.260002
12/02/2021,NSRGY,113.230003
16/02/2021,NSRGY,112.120003
17/02/2021,NSRGY,111.800003
18/02/2021,NSRGY,111.290001
19/02/2021,NSRGY,109.629997
22/02/2021,NSRGY,109.330002
23/02/2021,NSRGY,107.339996
24/02/2021,NSRGY,106.519997
25/02/2021,NSRGY,105.150002
26/02/2021,NSRGY,104.82
01/03/2021,NSRGY,105.989998
02/03/2021,NSRGY,107.18
03/03/2021,NSRGY,105.510002
04/03/2021,NSRGY,105.419998
05/03/2021,NSRGY,106.900002
08/03/2021,NSRGY,105.790001
09/03/2021,NSRGY,108.199997
10/03/2021,NSRGY,107.940002
11/03/2021,NSRGY,108.75
12/03/2021,NSRGY,107.949997
15/03/2021,NSRGY,107.970001
16/03/2021,NSRGY,108.989998
17/03/2021,NSRGY,109.900002
18/03/2021,NSRGY,108.769997
19/03/2021,NSRGY,110.410004
22/03/2021,NSRGY,111.349998
23/03/2021,NSRGY,111.690002
24/03/2021,NSRGY,111.330002
25/03/2021,NSRGY,111.669998
26/03/2021,NSRGY,111.5
29/03/2021,NSRGY,112.260002
30/03/2021,NSRGY,112.480003
31/03/2021,NSRGY,111.510002
01/04/2021,NSRGY,112.449997
05/04/2021,NSRGY,113.959999
06/04/2021,NSRGY,114.269997
07/04/2021,NSRGY,115.470001
08/04/2021,NSRGY,117.25
09/04/2021,NSRGY,117.769997
12/04/2021,NSRGY,117.559998
13/04/2021,NSRGY,117.110001
14/04/2021,NSRGY,116.230003
15/04/2021,NSRGY,116.989998
16/04/2021,NSRGY,118.75
19/04/2021,NSRGY,116.120003
20/04/2021,NSRGY,115.879997
21/04/2021,NSRGY,116.93
22/04/2021,NSRGY,119.709999
23/04/2021,NSRGY,120.110001
26/04/2021,NSRGY,118.900002
27/04/2021,NSRGY,118.639999
28/04/2021,NSRGY,118.970001
29/04/2021,NSRGY,120.209999
30/04/2021,NSRGY,119.529999
03/05/2021,NSRGY,119.709999
04/05/2021,NSRGY,118.099998
05/05/2021,NSRGY,119.160004
06/05/2021,NSRGY,120.330002
07/05/2021,NSRGY,120.989998
10/05/2021,NSRGY,120.699997
11/05/2021,NSRGY,120.190002
12/05/2021,NSRGY,119.349998
13/05/2021,NSRGY,120.050003
14/05/2021,NSRGY,120.889999
17/05/2021,NSRGY,121.309998
18/05/2021,NSRGY,121.57
19/05/2021,NSRGY,121.07
20/05/2021,NSRGY,122.779999
21/05/2021,NSRGY,123.07
24/05/2021,NSRGY,123.800003
25/05/2021,NSRGY,124.830002
26/05/2021,NSRGY,124.629997
27/05/2021,NSRGY,123.480003
28/05/2021,NSRGY,123.669998
01/06/2021,NSRGY,123.459999
02/06/2021,NSRGY,123.949997
03/06/2021,NSRGY,123.790001
04/06/2021,NSRGY,125.639999
07/06/2021,NSRGY,125.669998
08/06/2021,NSRGY,126.519997
09/06/2021,NSRGY,126.629997
10/06/2021,NSRGY,126.82
11/06/2021,NSRGY,126.660004
14/06/2021,NSRGY,126.720001
15/06/2021,NSRGY,127.769997
16/06/2021,NSRGY,126.160004
17/06/2021,NSRGY,125.959999
18/06/2021,NSRGY,125.309998
21/06/2021,NSRGY,126.699997
22/06/2021,NSRGY,126.540001
23/06/2021,NSRGY,125.900002
24/06/2021,NSRGY,126.370003
25/06/2021,NSRGY,126.68
28/06/2021,NSRGY,126.629997
29/06/2021,NSRGY,126.68
30/06/2021,NSRGY,124.739998
01/07/2021,NSRGY,124.790001
02/07/2021,NSRGY,125.510002
06/07/2021,NSRGY,124.75
07/07/2021,NSRGY,125.779999
08/07/2021,NSRGY,126.290001
09/07/2021,NSRGY,126
12/07/2021,NSRGY,126.199997
13/07/2021,NSRGY,125.93
14/07/2021,NSRGY,126.129997
15/07/2021,NSRGY,125.290001
16/07/2021,NSRGY,125.669998
19/07/2021,NSRGY,125.660004
20/07/2021,NSRGY,126.239998
21/07/2021,NSRGY,126.379997
22/07/2021,NSRGY,123.910004
23/07/2021,NSRGY,125.519997
26/07/2021,NSRGY,124.980003
27/07/2021,NSRGY,125.629997
28/07/2021,NSRGY,124.849998
29/07/2021,NSRGY,125.589996
30/07/2021,NSRGY,126.660004
02/08/2021,NSRGY,126.470001
03/08/2021,NSRGY,126.309998
04/08/2021,NSRGY,125.519997
05/08/2021,NSRGY,124.599998
06/08/2021,NSRGY,123.449997
09/08/2021,NSRGY,123.5
10/08/2021,NSRGY,123.599998
11/08/2021,NSRGY,123.449997
12/08/2021,NSRGY,123.080002
13/08/2021,NSRGY,125.260002
16/08/2021,NSRGY,126.199997
17/08/2021,NSRGY,126.980003
18/08/2021,NSRGY,126.440002
19/08/2021,NSRGY,126.260002
20/08/2021,NSRGY,127.199997
23/08/2021,NSRGY,127.010002
24/08/2021,NSRGY,126.760002
25/08/2021,NSRGY,125.709999
26/08/2021,NSRGY,125.970001
27/08/2021,NSRGY,127.699997
30/08/2021,NSRGY,127.730003
31/08/2021,NSRGY,126.290001
01/09/2021,NSRGY,126.529999
02/09/2021,NSRGY,125.860001
03/09/2021,NSRGY,125.849998
07/09/2021,NSRGY,125.68
08/09/2021,NSRGY,124.5
09/09/2021,NSRGY,125.010002
10/09/2021,NSRGY,124.959999
13/09/2021,NSRGY,124.599998
14/09/2021,NSRGY,124.419998
15/09/2021,NSRGY,123.669998
16/09/2021,NSRGY,123.760002
17/09/2021,NSRGY,122.660004
20/09/2021,NSRGY,122.580002
21/09/2021,NSRGY,124.349998
22/09/2021,NSRGY,123.760002
23/09/2021,NSRGY,124.370003
24/09/2021,NSRGY,122.360001
27/09/2021,NSRGY,120.440002
28/09/2021,NSRGY,118.580002
29/09/2021,NSRGY,120.309998
30/09/2021,NSRGY,120.209999
