Date,ticker,price
01/10/2010,QQQ,49.009998
04/10/2010,QQQ,48.48
05/10/2010,QQQ,49.66
06/10/2010,QQQ,49.23
07/10/2010,QQQ,49.41
08/10/2010,QQQ,49.75
11/10/2010,QQQ,49.77
12/10/2010,QQQ,50.110001
13/10/2010,QQQ,50.52
14/10/2010,QQQ,50.419998
15/10/2010,QQQ,51.490002
18/10/2010,QQQ,51.299999
19/10/2010,QQQ,50.82
20/10/2010,QQQ,51.189999
21/10/2010,QQQ,51.290001
22/10/2010,QQQ,51.639999
25/10/2010,QQQ,51.889999
26/10/2010,QQQ,52.029999
27/10/2010,QQQ,52.189999
28/10/2010,QQQ,52.299999
29/10/2010,QQQ,52.18
01/11/2010,QQQ,52.220001
02/11/2010,QQQ,52.779999
03/11/2010,QQQ,53.02
04/11/2010,QQQ,53.669998
05/11/2010,QQQ,53.669998
08/11/2010,QQQ,53.740002
09/11/2010,QQQ,53.450001
10/11/2010,QQQ,53.720001
11/11/2010,QQQ,53.380001
12/11/2010,QQQ,52.509998
15/11/2010,QQQ,52.310001
16/11/2010,QQQ,51.450001
17/11/2010,QQQ,51.599998
18/11/2010,QQQ,52.43
19/11/2010,QQQ,52.470001
22/11/2010,QQQ,52.91
23/11/2010,QQQ,52.07
24/11/2010,QQQ,53.119999
26/11/2010,QQQ,52.77
29/11/2010,QQQ,52.73
30/11/2010,QQQ,52.09
01/12/2010,QQQ,53.189999
02/12/2010,QQQ,53.73
03/12/2010,QQQ,53.869999
06/12/2010,QQQ,53.849998
07/12/2010,QQQ,53.880001
08/12/2010,QQQ,54.080002
09/12/2010,QQQ,54.130001
10/12/2010,QQQ,54.490002
13/12/2010,QQQ,54.299999
14/12/2010,QQQ,54.400002
15/12/2010,QQQ,54.16
16/12/2010,QQQ,54.580002
17/12/2010,QQQ,54.52
20/12/2010,QQQ,54.560001
21/12/2010,QQQ,54.889999
22/12/2010,QQQ,54.880001
23/12/2010,QQQ,54.740002
27/12/2010,QQQ,54.77
28/12/2010,QQQ,54.669998
29/12/2010,QQQ,54.790001
30/12/2010,QQQ,54.66
31/12/2010,QQQ,54.459999
03/01/2011,QQQ,55.310001
04/01/2011,QQQ,55.27
05/01/2011,QQQ,55.740002
06/01/2011,QQQ,55.919998
07/01/2011,QQQ,55.869999
10/01/2011,QQQ,56.080002
11/01/2011,QQQ,56.16
12/01/2011,QQQ,56.560001
13/01/2011,QQQ,56.580002
14/01/2011,QQQ,57
18/01/2011,QQQ,57.16
19/01/2011,QQQ,56.509998
20/01/2011,QQQ,56.110001
21/01/2011,QQQ,55.68
24/01/2011,QQQ,56.450001
25/01/2011,QQQ,56.529999
26/01/2011,QQQ,56.830002
27/01/2011,QQQ,57.18
28/01/2011,QQQ,55.73
31/01/2011,QQQ,56
01/02/2011,QQQ,57.049999
02/02/2011,QQQ,56.959999
03/02/2011,QQQ,57.060001
04/02/2011,QQQ,57.380001
07/02/2011,QQQ,57.650002
08/02/2011,QQQ,58.029999
09/02/2011,QQQ,57.93
10/02/2011,QQQ,58.02
11/02/2011,QQQ,58.439999
14/02/2011,QQQ,58.580002
15/02/2011,QQQ,58.5
16/02/2011,QQQ,58.880001
17/02/2011,QQQ,58.860001
18/02/2011,QQQ,58.73
22/02/2011,QQQ,57.029999
23/02/2011,QQQ,56.560001
24/02/2011,QQQ,56.860001
25/02/2011,QQQ,57.650002
28/02/2011,QQQ,57.77
01/03/2011,QQQ,56.84
02/03/2011,QQQ,57.139999
03/03/2011,QQQ,58.27
04/03/2011,QQQ,57.970001
07/03/2011,QQQ,57.189999
08/03/2011,QQQ,57.419998
09/03/2011,QQQ,57.029999
10/03/2011,QQQ,56.139999
11/03/2011,QQQ,56.490002
14/03/2011,QQQ,56.290001
15/03/2011,QQQ,55.490002
16/03/2011,QQQ,54.150002
17/03/2011,QQQ,54.650002
18/03/2011,QQQ,54.450001
21/03/2011,QQQ,55.5
22/03/2011,QQQ,55.400002
23/03/2011,QQQ,55.709999
24/03/2011,QQQ,56.700001
25/03/2011,QQQ,56.84
28/03/2011,QQQ,56.529999
29/03/2011,QQQ,57.080002
30/03/2011,QQQ,57.349998
31/03/2011,QQQ,57.43
01/04/2011,QQQ,57.459999
04/04/2011,QQQ,57.27
05/04/2011,QQQ,57.119999
06/04/2011,QQQ,57.259998
07/04/2011,QQQ,57.220001
08/04/2011,QQQ,56.950001
11/04/2011,QQQ,56.759998
12/04/2011,QQQ,56.369999
13/04/2011,QQQ,56.849998
14/04/2011,QQQ,56.75
15/04/2011,QQQ,56.650002
18/04/2011,QQQ,56.25
19/04/2011,QQQ,56.599998
20/04/2011,QQQ,57.880001
21/04/2011,QQQ,58.34
25/04/2011,QQQ,58.490002
26/04/2011,QQQ,58.82
27/04/2011,QQQ,59.220001
28/04/2011,QQQ,59.130001
29/04/2011,QQQ,59.080002
02/05/2011,QQQ,58.970001
03/05/2011,QQQ,58.689999
04/05/2011,QQQ,58.599998
05/05/2011,QQQ,58.279999
06/05/2011,QQQ,58.470001
09/05/2011,QQQ,58.689999
10/05/2011,QQQ,59.189999
11/05/2011,QQQ,58.759998
12/05/2011,QQQ,59.110001
13/05/2011,QQQ,58.41
16/05/2011,QQQ,57.400002
17/05/2011,QQQ,57.560001
18/05/2011,QQQ,58.040001
19/05/2011,QQQ,58.209999
20/05/2011,QQQ,57.77
23/05/2011,QQQ,56.919998
24/05/2011,QQQ,56.57
25/05/2011,QQQ,56.790001
26/05/2011,QQQ,57.139999
27/05/2011,QQQ,57.43
31/05/2011,QQQ,58.360001
01/06/2011,QQQ,57.09
02/06/2011,QQQ,57.209999
03/06/2011,QQQ,56.349998
06/06/2011,QQQ,55.889999
07/06/2011,QQQ,55.790001
08/06/2011,QQQ,55.389999
09/06/2011,QQQ,55.490002
10/06/2011,QQQ,54.639999
13/06/2011,QQQ,54.639999
14/06/2011,QQQ,55.34
15/06/2011,QQQ,54.290001
16/06/2011,QQQ,54.080002
17/06/2011,QQQ,53.790001
20/06/2011,QQQ,54.07
21/06/2011,QQQ,55.23
22/06/2011,QQQ,54.830002
23/06/2011,QQQ,55.34
24/06/2011,QQQ,54.380001
27/06/2011,QQQ,55.25
28/06/2011,QQQ,56.07
29/06/2011,QQQ,56.299999
30/06/2011,QQQ,57.049999
01/07/2011,QQQ,57.91
05/07/2011,QQQ,58.200001
06/07/2011,QQQ,58.389999
07/07/2011,QQQ,59.189999
08/07/2011,QQQ,59.029999
11/07/2011,QQQ,57.959999
12/07/2011,QQQ,57.52
13/07/2011,QQQ,57.759998
14/07/2011,QQQ,57.09
15/07/2011,QQQ,57.849998
18/07/2011,QQQ,57.540001
19/07/2011,QQQ,58.849998
20/07/2011,QQQ,58.599998
21/07/2011,QQQ,58.990002
22/07/2011,QQQ,59.599998
25/07/2011,QQQ,59.48
26/07/2011,QQQ,59.630001
27/07/2011,QQQ,58.09
28/07/2011,QQQ,58.189999
29/07/2011,QQQ,58
01/08/2011,QQQ,57.73
02/08/2011,QQQ,56.27
03/08/2011,QQQ,56.810001
04/08/2011,QQQ,54.169998
05/08/2011,QQQ,53.830002
08/08/2011,QQQ,50.59
09/08/2011,QQQ,53.029999
10/08/2011,QQQ,50.860001
11/08/2011,QQQ,53.099998
12/08/2011,QQQ,53.57
15/08/2011,QQQ,54.360001
16/08/2011,QQQ,53.900002
17/08/2011,QQQ,53.580002
18/08/2011,QQQ,50.950001
19/08/2011,QQQ,50.029999
22/08/2011,QQQ,50.209999
23/08/2011,QQQ,52.279999
24/08/2011,QQQ,52.689999
25/08/2011,QQQ,51.830002
26/08/2011,QQQ,53.130001
29/08/2011,QQQ,54.610001
30/08/2011,QQQ,54.970001
31/08/2011,QQQ,55.060001
01/09/2011,QQQ,54.560001
02/09/2011,QQQ,53.279999
06/09/2011,QQQ,53.290001
07/09/2011,QQQ,54.639999
08/09/2011,QQQ,54.389999
09/09/2011,QQQ,53.18
12/09/2011,QQQ,53.860001
13/09/2011,QQQ,54.580002
14/09/2011,QQQ,55.360001
15/09/2011,QQQ,56.18
16/09/2011,QQQ,56.59
19/09/2011,QQQ,56.610001
20/09/2011,QQQ,56.360001
21/09/2011,QQQ,55.380001
22/09/2011,QQQ,53.580002
23/09/2011,QQQ,54.150002
26/09/2011,QQQ,54.779999
27/09/2011,QQQ,55.349998
28/09/2011,QQQ,54.529999
29/09/2011,QQQ,53.880001
30/09/2011,QQQ,52.490002
03/10/2011,QQQ,51.139999
04/10/2011,QQQ,52.189999
05/10/2011,QQQ,53.529999
06/10/2011,QQQ,54.43
07/10/2011,QQQ,54.07
10/10/2011,QQQ,55.939999
11/10/2011,QQQ,56.32
12/10/2011,QQQ,56.599998
13/10/2011,QQQ,57.119999
14/10/2011,QQQ,58.18
17/10/2011,QQQ,57.279999
18/10/2011,QQQ,57.990002
19/10/2011,QQQ,56.869999
20/10/2011,QQQ,56.59
21/10/2011,QQQ,57.299999
24/10/2011,QQQ,58.490002
25/10/2011,QQQ,57.34
26/10/2011,QQQ,57.27
27/10/2011,QQQ,58.849998
28/10/2011,QQQ,58.939999
31/10/2011,QQQ,57.950001
01/11/2011,QQQ,56.439999
02/11/2011,QQQ,56.919998
03/11/2011,QQQ,58.099998
04/11/2011,QQQ,57.799999
07/11/2011,QQQ,58.209999
08/11/2011,QQQ,58.880001
09/11/2011,QQQ,56.810001
10/11/2011,QQQ,56.779999
11/11/2011,QQQ,57.849998
14/11/2011,QQQ,57.490002
15/11/2011,QQQ,58.130001
16/11/2011,QQQ,57.169998
17/11/2011,QQQ,55.830002
18/11/2011,QQQ,55.400002
21/11/2011,QQQ,54.34
22/11/2011,QQQ,54.52
23/11/2011,QQQ,53.290001
25/11/2011,QQQ,52.880001
28/11/2011,QQQ,54.720001
29/11/2011,QQQ,54.380001
30/11/2011,QQQ,56.389999
01/12/2011,QQQ,56.779999
02/12/2011,QQQ,56.619999
05/12/2011,QQQ,57.240002
06/12/2011,QQQ,57.080002
07/12/2011,QQQ,57.080002
08/12/2011,QQQ,56.119999
09/12/2011,QQQ,57.02
12/12/2011,QQQ,56.380001
13/12/2011,QQQ,55.759998
14/12/2011,QQQ,54.889999
15/12/2011,QQQ,54.740002
16/12/2011,QQQ,54.860001
19/12/2011,QQQ,54.32
20/12/2011,QQQ,55.93
21/12/2011,QQQ,55.130001
22/12/2011,QQQ,55.599998
23/12/2011,QQQ,56.080002
27/12/2011,QQQ,56.240002
28/12/2011,QQQ,55.59
29/12/2011,QQQ,55.990002
30/12/2011,QQQ,55.830002
03/01/2012,QQQ,56.900002
04/01/2012,QQQ,57.139999
05/01/2012,QQQ,57.610001
06/01/2012,QQQ,57.810001
09/01/2012,QQQ,57.619999
10/01/2012,QQQ,58.040001
11/01/2012,QQQ,58.16
12/01/2012,QQQ,58.389999
13/01/2012,QQQ,58.18
17/01/2012,QQQ,58.709999
18/01/2012,QQQ,59.490002
19/01/2012,QQQ,59.860001
20/01/2012,QQQ,59.77
23/01/2012,QQQ,59.790001
24/01/2012,QQQ,59.68
25/01/2012,QQQ,60.43
26/01/2012,QQQ,60.220001
27/01/2012,QQQ,60.400002
30/01/2012,QQQ,60.450001
31/01/2012,QQQ,60.529999
01/02/2012,QQQ,61.02
02/02/2012,QQQ,61.209999
03/02/2012,QQQ,62.049999
06/02/2012,QQQ,62
07/02/2012,QQQ,62.130001
08/02/2012,QQQ,62.459999
09/02/2012,QQQ,62.91
10/02/2012,QQQ,62.470001
13/02/2012,QQQ,63.049999
14/02/2012,QQQ,63.209999
15/02/2012,QQQ,62.77
16/02/2012,QQQ,63.630001
17/02/2012,QQQ,63.43
21/02/2012,QQQ,63.610001
22/02/2012,QQQ,63.32
23/02/2012,QQQ,63.740002
24/02/2012,QQQ,63.959999
27/02/2012,QQQ,64.050003
28/02/2012,QQQ,64.699997
29/02/2012,QQQ,64.410004
01/03/2012,QQQ,64.919998
02/03/2012,QQQ,64.870003
05/03/2012,QQQ,64.199997
06/03/2012,QQQ,63.57
07/03/2012,QQQ,64.059998
08/03/2012,QQQ,64.75
09/03/2012,QQQ,65.019997
12/03/2012,QQQ,65.050003
13/03/2012,QQQ,66.260002
14/03/2012,QQQ,66.489998
15/03/2012,QQQ,66.68
16/03/2012,QQQ,66.519997
19/03/2012,QQQ,66.989998
20/03/2012,QQQ,67.110001
21/03/2012,QQQ,67.120003
22/03/2012,QQQ,66.980003
23/03/2012,QQQ,66.940002
26/03/2012,QQQ,68.110001
27/03/2012,QQQ,68.209999
28/03/2012,QQQ,67.940002
29/03/2012,QQQ,67.68
30/03/2012,QQQ,67.550003
02/04/2012,QQQ,68.25
03/04/2012,QQQ,68.230003
04/04/2012,QQQ,67.300003
05/04/2012,QQQ,67.720001
09/04/2012,QQQ,67.209999
10/04/2012,QQQ,66.129997
11/04/2012,QQQ,66.449997
12/04/2012,QQQ,67.209999
13/04/2012,QQQ,66.190002
16/04/2012,QQQ,65.449997
17/04/2012,QQQ,66.779999
18/04/2012,QQQ,66.610001
19/04/2012,QQQ,65.860001
20/04/2012,QQQ,65.68
23/04/2012,QQQ,65.080002
24/04/2012,QQQ,64.730003
25/04/2012,QQQ,66.449997
26/04/2012,QQQ,66.839996
27/04/2012,QQQ,67.239998
30/04/2012,QQQ,66.760002
01/05/2012,QQQ,66.870003
02/05/2012,QQQ,67.059998
03/05/2012,QQQ,66.349998
04/05/2012,QQQ,64.699997
07/05/2012,QQQ,64.760002
08/05/2012,QQQ,64.519997
09/05/2012,QQQ,64.32
10/05/2012,QQQ,64.190002
11/05/2012,QQQ,64.18
14/05/2012,QQQ,63.580002
15/05/2012,QQQ,63.369999
16/05/2012,QQQ,62.939999
17/05/2012,QQQ,61.610001
18/05/2012,QQQ,60.810001
21/05/2012,QQQ,62.509998
22/05/2012,QQQ,62.439999
23/05/2012,QQQ,62.560001
24/05/2012,QQQ,62.150002
25/05/2012,QQQ,62.07
29/05/2012,QQQ,62.860001
30/05/2012,QQQ,62.330002
31/05/2012,QQQ,62.060001
01/06/2012,QQQ,60.41
04/06/2012,QQQ,60.869999
05/06/2012,QQQ,61.119999
06/06/2012,QQQ,62.52
07/06/2012,QQQ,62.27
08/06/2012,QQQ,62.869999
11/06/2012,QQQ,61.810001
12/06/2012,QQQ,62.560001
13/06/2012,QQQ,62.130001
14/06/2012,QQQ,62.360001
15/06/2012,QQQ,62.990002
18/06/2012,QQQ,63.580002
19/06/2012,QQQ,64.239998
20/06/2012,QQQ,64.290001
21/06/2012,QQQ,62.689999
22/06/2012,QQQ,63.349998
25/06/2012,QQQ,62.130001
26/06/2012,QQQ,62.52
27/06/2012,QQQ,62.900002
28/06/2012,QQQ,62.200001
29/06/2012,QQQ,64.160004
02/07/2012,QQQ,64.349998
03/07/2012,QQQ,64.889999
05/07/2012,QQQ,64.93
06/07/2012,QQQ,64.120003
09/07/2012,QQQ,64
10/07/2012,QQQ,63.369999
11/07/2012,QQQ,63.02
12/07/2012,QQQ,62.43
13/07/2012,QQQ,63.380001
16/07/2012,QQQ,63.200001
17/07/2012,QQQ,63.529999
18/07/2012,QQQ,64.389999
19/07/2012,QQQ,65.099998
20/07/2012,QQQ,64.239998
23/07/2012,QQQ,63.459999
24/07/2012,QQQ,62.959999
25/07/2012,QQQ,62.540001
26/07/2012,QQQ,63.369999
27/07/2012,QQQ,64.870003
30/07/2012,QQQ,64.82
31/07/2012,QQQ,64.800003
01/08/2012,QQQ,64.610001
02/08/2012,QQQ,64.379997
03/08/2012,QQQ,65.599998
06/08/2012,QQQ,66.099998
07/08/2012,QQQ,66.650002
08/08/2012,QQQ,66.620003
09/08/2012,QQQ,66.82
10/08/2012,QQQ,66.860001
13/08/2012,QQQ,67.019997
14/08/2012,QQQ,67.050003
15/08/2012,QQQ,67.220001
16/08/2012,QQQ,68.019997
17/08/2012,QQQ,68.32
20/08/2012,QQQ,68.419998
21/08/2012,QQQ,68.150002
22/08/2012,QQQ,68.43
23/08/2012,QQQ,67.870003
24/08/2012,QQQ,68.290001
27/08/2012,QQQ,68.400002
28/08/2012,QQQ,68.400002
29/08/2012,QQQ,68.400002
30/08/2012,QQQ,67.709999
31/08/2012,QQQ,68.160004
04/09/2012,QQQ,68.089996
05/09/2012,QQQ,68.019997
06/09/2012,QQQ,69.529999
07/09/2012,QQQ,69.43
10/09/2012,QQQ,68.540001
11/09/2012,QQQ,68.43
12/09/2012,QQQ,68.629997
13/09/2012,QQQ,69.559998
14/09/2012,QQQ,70.18
17/09/2012,QQQ,70.209999
18/09/2012,QQQ,70.269997
19/09/2012,QQQ,70.400002
20/09/2012,QQQ,70.330002
21/09/2012,QQQ,70.150002
24/09/2012,QQQ,69.739998
25/09/2012,QQQ,68.760002
26/09/2012,QQQ,68.199997
27/09/2012,QQQ,69.139999
28/09/2012,QQQ,68.57
01/10/2012,QQQ,68.470001
02/10/2012,QQQ,68.669998
03/10/2012,QQQ,69.110001
04/10/2012,QQQ,69.349998
05/10/2012,QQQ,68.980003
08/10/2012,QQQ,68.349998
09/10/2012,QQQ,67.260002
10/10/2012,QQQ,66.919998
11/10/2012,QQQ,66.709999
12/10/2012,QQQ,66.68
15/10/2012,QQQ,67.169998
16/10/2012,QQQ,68.120003
17/10/2012,QQQ,68.080002
18/10/2012,QQQ,67.290001
19/10/2012,QQQ,65.68
22/10/2012,QQQ,66.019997
23/10/2012,QQQ,65.389999
24/10/2012,QQQ,65.160004
25/10/2012,QQQ,65.160004
26/10/2012,QQQ,65.349998
31/10/2012,QQQ,64.949997
01/11/2012,QQQ,65.870003
02/11/2012,QQQ,65.169998
05/11/2012,QQQ,65.599998
06/11/2012,QQQ,65.720001
07/11/2012,QQQ,64.169998
08/11/2012,QQQ,63.16
09/11/2012,QQQ,63.43
12/11/2012,QQQ,63.419998
13/11/2012,QQQ,62.98
14/11/2012,QQQ,62.240002
15/11/2012,QQQ,62.029999
16/11/2012,QQQ,62.299999
19/11/2012,QQQ,63.779999
20/11/2012,QQQ,63.799999
21/11/2012,QQQ,63.93
23/11/2012,QQQ,64.900002
26/11/2012,QQQ,65.18
27/11/2012,QQQ,64.959999
28/11/2012,QQQ,65.519997
29/11/2012,QQQ,65.910004
30/11/2012,QQQ,65.800003
03/12/2012,QQQ,65.669998
04/12/2012,QQQ,65.629997
05/12/2012,QQQ,64.900002
06/12/2012,QQQ,65.32
07/12/2012,QQQ,64.93
10/12/2012,QQQ,65.120003
11/12/2012,QQQ,65.970001
12/12/2012,QQQ,65.830002
13/12/2012,QQQ,65.309998
14/12/2012,QQQ,64.690002
17/12/2012,QQQ,65.550003
18/12/2012,QQQ,66.550003
19/12/2012,QQQ,66.260002
20/12/2012,QQQ,66.260002
21/12/2012,QQQ,65.199997
24/12/2012,QQQ,65.07
26/12/2012,QQQ,64.5
27/12/2012,QQQ,64.400002
28/12/2012,QQQ,63.779999
31/12/2012,QQQ,65.129997
02/01/2013,QQQ,67.199997
03/01/2013,QQQ,66.849998
04/01/2013,QQQ,66.629997
07/01/2013,QQQ,66.650002
08/01/2013,QQQ,66.519997
09/01/2013,QQQ,66.769997
10/01/2013,QQQ,67.169998
11/01/2013,QQQ,67.260002
14/01/2013,QQQ,66.959999
15/01/2013,QQQ,66.629997
16/01/2013,QQQ,66.900002
17/01/2013,QQQ,67.220001
18/01/2013,QQQ,67.07
22/01/2013,QQQ,67.18
23/01/2013,QQQ,67.589996
24/01/2013,QQQ,66.660004
25/01/2013,QQQ,67
28/01/2013,QQQ,67.150002
29/01/2013,QQQ,67.160004
30/01/2013,QQQ,67.019997
31/01/2013,QQQ,66.870003
01/02/2013,QQQ,67.660004
04/02/2013,QQQ,66.480003
05/02/2013,QQQ,67.459999
06/02/2013,QQQ,67.239998
07/02/2013,QQQ,67.300003
08/02/2013,QQQ,67.989998
11/02/2013,QQQ,68.010002
12/02/2013,QQQ,67.730003
13/02/2013,QQQ,67.970001
14/02/2013,QQQ,67.949997
15/02/2013,QQQ,67.75
19/02/2013,QQQ,68.239998
20/02/2013,QQQ,67.190002
21/02/2013,QQQ,66.470001
22/02/2013,QQQ,67.139999
25/02/2013,QQQ,66.309998
26/02/2013,QQQ,66.559998
27/02/2013,QQQ,67.239998
28/02/2013,QQQ,67.099998
01/03/2013,QQQ,67.379997
04/03/2013,QQQ,67.68
05/03/2013,QQQ,68.68
06/03/2013,QQQ,68.510002
07/03/2013,QQQ,68.690002
08/03/2013,QQQ,68.769997
11/03/2013,QQQ,68.970001
12/03/2013,QQQ,68.720001
13/03/2013,QQQ,68.629997
14/03/2013,QQQ,68.860001
15/03/2013,QQQ,68.510002
18/03/2013,QQQ,68.360001
19/03/2013,QQQ,68.230003
20/03/2013,QQQ,68.709999
21/03/2013,QQQ,67.93
22/03/2013,QQQ,68.589996
25/03/2013,QQQ,68.339996
26/03/2013,QQQ,68.709999
27/03/2013,QQQ,68.800003
28/03/2013,QQQ,68.970001
01/04/2013,QQQ,68.5
02/04/2013,QQQ,69.040001
03/04/2013,QQQ,68.410004
04/04/2013,QQQ,68.43
05/04/2013,QQQ,67.860001
08/04/2013,QQQ,68.220001
09/04/2013,QQQ,68.68
10/04/2013,QQQ,70.019997
11/04/2013,QQQ,69.989998
12/04/2013,QQQ,69.940002
15/04/2013,QQQ,68.559998
16/04/2013,QQQ,69.470001
17/04/2013,QQQ,68.110001
18/04/2013,QQQ,67.169998
19/04/2013,QQQ,68.089996
22/04/2013,QQQ,68.790001
23/04/2013,QQQ,69.449997
24/04/2013,QQQ,69.419998
25/04/2013,QQQ,69.790001
26/04/2013,QQQ,69.57
29/04/2013,QQQ,70.209999
30/04/2013,QQQ,70.720001
01/05/2013,QQQ,70.389999
02/05/2013,QQQ,71.279999
03/05/2013,QQQ,72.120003
06/05/2013,QQQ,72.400002
07/05/2013,QQQ,72.360001
08/05/2013,QQQ,72.709999
09/05/2013,QQQ,72.610001
10/05/2013,QQQ,73.050003
13/05/2013,QQQ,73.139999
14/05/2013,QQQ,73.519997
15/05/2013,QQQ,73.669998
16/05/2013,QQQ,73.589996
17/05/2013,QQQ,74.300003
20/05/2013,QQQ,74.190002
21/05/2013,QQQ,74.269997
22/05/2013,QQQ,73.620003
23/05/2013,QQQ,73.449997
24/05/2013,QQQ,73.410004
28/05/2013,QQQ,73.889999
29/05/2013,QQQ,73.540001
30/05/2013,QQQ,73.93
31/05/2013,QQQ,73.25
03/06/2013,QQQ,73.379997
04/06/2013,QQQ,73
05/06/2013,QQQ,72.050003
06/06/2013,QQQ,72.400002
07/06/2013,QQQ,73.389999
10/06/2013,QQQ,73.419998
11/06/2013,QQQ,72.690002
12/06/2013,QQQ,71.849998
13/06/2013,QQQ,72.760002
14/06/2013,QQQ,72.279999
17/06/2013,QQQ,72.980003
18/06/2013,QQQ,73.580002
19/06/2013,QQQ,72.760002
20/06/2013,QQQ,71.029999
21/06/2013,QQQ,70.43
24/06/2013,QQQ,69.730003
25/06/2013,QQQ,70.239998
26/06/2013,QQQ,70.870003
27/06/2013,QQQ,71.169998
28/06/2013,QQQ,71.269997
01/07/2013,QQQ,71.709999
02/07/2013,QQQ,71.739998
03/07/2013,QQQ,72.029999
05/07/2013,QQQ,72.580002
08/07/2013,QQQ,72.650002
09/07/2013,QQQ,73.089996
10/07/2013,QQQ,73.510002
11/07/2013,QQQ,74.970001
12/07/2013,QQQ,75.300003
15/07/2013,QQQ,75.470001
16/07/2013,QQQ,75.370003
17/07/2013,QQQ,75.559998
18/07/2013,QQQ,75.370003
19/07/2013,QQQ,74.589996
22/07/2013,QQQ,74.809998
23/07/2013,QQQ,74.260002
24/07/2013,QQQ,74.5
25/07/2013,QQQ,74.970001
26/07/2013,QQQ,75.370003
29/07/2013,QQQ,75.230003
30/07/2013,QQQ,75.629997
31/07/2013,QQQ,75.769997
01/08/2013,QQQ,76.540001
02/08/2013,QQQ,76.970001
05/08/2013,QQQ,77.019997
06/08/2013,QQQ,76.559998
07/08/2013,QQQ,76.419998
08/08/2013,QQQ,76.800003
09/08/2013,QQQ,76.489998
12/08/2013,QQQ,76.669998
13/08/2013,QQQ,77.099998
14/08/2013,QQQ,76.809998
15/08/2013,QQQ,75.510002
16/08/2013,QQQ,75.480003
19/08/2013,QQQ,75.349998
20/08/2013,QQQ,75.68
21/08/2013,QQQ,75.419998
22/08/2013,QQQ,76.160004
23/08/2013,QQQ,76.669998
26/08/2013,QQQ,76.709999
27/08/2013,QQQ,75.139999
28/08/2013,QQQ,75.43
29/08/2013,QQQ,75.959999
30/08/2013,QQQ,75.470001
03/09/2013,QQQ,75.900002
04/09/2013,QQQ,76.709999
05/09/2013,QQQ,76.839996
06/09/2013,QQQ,76.93
09/09/2013,QQQ,77.830002
10/09/2013,QQQ,78.209999
11/09/2013,QQQ,78.059998
12/09/2013,QQQ,78.010002
13/09/2013,QQQ,78.059998
16/09/2013,QQQ,77.849998
17/09/2013,QQQ,78.370003
18/09/2013,QQQ,79.309998
19/09/2013,QQQ,79.5
20/09/2013,QQQ,78.989998
23/09/2013,QQQ,78.830002
24/09/2013,QQQ,78.830002
25/09/2013,QQQ,78.559998
26/09/2013,QQQ,79.169998
27/09/2013,QQQ,79.07
30/09/2013,QQQ,78.879997
01/10/2013,QQQ,79.68
02/10/2013,QQQ,79.650002
03/10/2013,QQQ,78.720001
04/10/2013,QQQ,79.400002
07/10/2013,QQQ,78.739998
08/10/2013,QQQ,77.220001
09/10/2013,QQQ,76.980003
10/10/2013,QQQ,78.610001
11/10/2013,QQQ,79.230003
14/10/2013,QQQ,79.790001
15/10/2013,QQQ,79.480003
16/10/2013,QQQ,80.379997
17/10/2013,QQQ,80.839996
18/10/2013,QQQ,82.150002
21/10/2013,QQQ,82.330002
22/10/2013,QQQ,82.449997
23/10/2013,QQQ,81.949997
24/10/2013,QQQ,82.309998
25/10/2013,QQQ,82.900002
28/10/2013,QQQ,82.919998
29/10/2013,QQQ,83.059998
30/10/2013,QQQ,82.980003
31/10/2013,QQQ,82.790001
01/11/2013,QQQ,82.809998
04/11/2013,QQQ,82.93
05/11/2013,QQQ,83.019997
06/11/2013,QQQ,83
07/11/2013,QQQ,81.440002
08/11/2013,QQQ,82.540001
11/11/2013,QQQ,82.410004
12/11/2013,QQQ,82.540001
13/11/2013,QQQ,83.540001
14/11/2013,QQQ,83.800003
15/11/2013,QQQ,83.959999
18/11/2013,QQQ,83.139999
19/11/2013,QQQ,82.900002
20/11/2013,QQQ,82.699997
21/11/2013,QQQ,83.540001
22/11/2013,QQQ,83.989998
25/11/2013,QQQ,84.190002
26/11/2013,QQQ,84.629997
27/11/2013,QQQ,85.220001
29/11/2013,QQQ,85.730003
02/12/2013,QQQ,85.480003
03/12/2013,QQQ,85.410004
04/12/2013,QQQ,85.489998
05/12/2013,QQQ,85.379997
06/12/2013,QQQ,86
09/12/2013,QQQ,86.349998
10/12/2013,QQQ,86.290001
11/12/2013,QQQ,85.18
12/12/2013,QQQ,84.959999
13/12/2013,QQQ,84.849998
16/12/2013,QQQ,85.32
17/12/2013,QQQ,85.150002
18/12/2013,QQQ,86.139999
19/12/2013,QQQ,85.900002
20/12/2013,QQQ,86.5
23/12/2013,QQQ,87.410004
24/12/2013,QQQ,87.449997
26/12/2013,QQQ,87.739998
27/12/2013,QQQ,87.519997
30/12/2013,QQQ,87.389999
31/12/2013,QQQ,87.959999
02/01/2014,QQQ,87.269997
03/01/2014,QQQ,86.639999
06/01/2014,QQQ,86.32
07/01/2014,QQQ,87.120003
08/01/2014,QQQ,87.309998
09/01/2014,QQQ,87.019997
10/01/2014,QQQ,87.300003
13/01/2014,QQQ,86.010002
14/01/2014,QQQ,87.650002
15/01/2014,QQQ,88.370003
16/01/2014,QQQ,88.379997
17/01/2014,QQQ,87.879997
21/01/2014,QQQ,88.550003
22/01/2014,QQQ,88.779999
23/01/2014,QQQ,88.480003
24/01/2014,QQQ,86.739998
27/01/2014,QQQ,85.900002
28/01/2014,QQQ,85.849998
29/01/2014,QQQ,84.93
30/01/2014,QQQ,86.5
31/01/2014,QQQ,86.269997
03/02/2014,QQQ,84.290001
04/02/2014,QQQ,84.910004
05/02/2014,QQQ,84.690002
06/02/2014,QQQ,85.769997
07/02/2014,QQQ,87.300003
10/02/2014,QQQ,87.800003
11/02/2014,QQQ,88.800003
12/02/2014,QQQ,88.970001
13/02/2014,QQQ,89.629997
14/02/2014,QQQ,89.809998
18/02/2014,QQQ,90.25
19/02/2014,QQQ,89.629997
20/02/2014,QQQ,90.050003
21/02/2014,QQQ,89.93
24/02/2014,QQQ,90.410004
25/02/2014,QQQ,90.309998
26/02/2014,QQQ,90.230003
27/02/2014,QQQ,90.440002
28/02/2014,QQQ,90.339996
03/03/2014,QQQ,89.669998
04/03/2014,QQQ,90.809998
05/03/2014,QQQ,91.059998
06/03/2014,QQQ,90.980003
07/03/2014,QQQ,90.529999
10/03/2014,QQQ,90.610001
11/03/2014,QQQ,90.220001
12/03/2014,QQQ,90.559998
13/03/2014,QQQ,89.279999
14/03/2014,QQQ,88.669998
17/03/2014,QQQ,89.449997
18/03/2014,QQQ,90.529999
19/03/2014,QQQ,90.040001
20/03/2014,QQQ,90.290001
21/03/2014,QQQ,89
24/03/2014,QQQ,88.220001
25/03/2014,QQQ,88.510002
26/03/2014,QQQ,87.370003
27/03/2014,QQQ,86.879997
28/03/2014,QQQ,87.050003
31/03/2014,QQQ,87.669998
01/04/2014,QQQ,89.209999
02/04/2014,QQQ,89.440002
03/04/2014,QQQ,88.730003
04/04/2014,QQQ,86.370003
07/04/2014,QQQ,85.550003
08/04/2014,QQQ,86.339996
09/04/2014,QQQ,87.82
10/04/2014,QQQ,85.099998
11/04/2014,QQQ,84.110001
14/04/2014,QQQ,84.769997
15/04/2014,QQQ,85.050003
16/04/2014,QQQ,86.18
17/04/2014,QQQ,86.199997
21/04/2014,QQQ,86.839996
22/04/2014,QQQ,87.529999
23/04/2014,QQQ,86.760002
24/04/2014,QQQ,87.589996
25/04/2014,QQQ,86.190002
28/04/2014,QQQ,86.470001
29/04/2014,QQQ,87.160004
30/04/2014,QQQ,87.389999
01/05/2014,QQQ,87.650002
02/05/2014,QQQ,87.489998
05/05/2014,QQQ,87.949997
06/05/2014,QQQ,86.809998
07/05/2014,QQQ,86.559998
08/05/2014,QQQ,86.480003
09/05/2014,QQQ,86.800003
12/05/2014,QQQ,88.230003
13/05/2014,QQQ,88.290001
14/05/2014,QQQ,87.830002
15/05/2014,QQQ,87.139999
16/05/2014,QQQ,87.709999
19/05/2014,QQQ,88.32
20/05/2014,QQQ,88
21/05/2014,QQQ,88.839996
22/05/2014,QQQ,89.230003
23/05/2014,QQQ,89.879997
27/05/2014,QQQ,91
28/05/2014,QQQ,90.720001
29/05/2014,QQQ,91.300003
30/05/2014,QQQ,91.309998
02/06/2014,QQQ,91.220001
03/06/2014,QQQ,91.18
04/06/2014,QQQ,91.519997
05/06/2014,QQQ,92.290001
06/06/2014,QQQ,92.82
09/06/2014,QQQ,92.75
10/06/2014,QQQ,92.910004
11/06/2014,QQQ,92.889999
12/06/2014,QQQ,92.050003
13/06/2014,QQQ,92.32
16/06/2014,QQQ,92.400002
17/06/2014,QQQ,92.449997
18/06/2014,QQQ,92.970001
19/06/2014,QQQ,92.910004
20/06/2014,QQQ,92.769997
23/06/2014,QQQ,92.790001
24/06/2014,QQQ,92.699997
25/06/2014,QQQ,93.290001
26/06/2014,QQQ,93.339996
27/06/2014,QQQ,93.75
30/06/2014,QQQ,93.910004
01/07/2014,QQQ,94.940002
02/07/2014,QQQ,95.099998
03/07/2014,QQQ,95.699997
07/07/2014,QQQ,95.410004
08/07/2014,QQQ,94.260002
09/07/2014,QQQ,94.959999
10/07/2014,QQQ,94.660004
11/07/2014,QQQ,95.269997
14/07/2014,QQQ,95.839996
15/07/2014,QQQ,95.510002
16/07/2014,QQQ,95.889999
17/07/2014,QQQ,94.620003
18/07/2014,QQQ,96.120003
21/07/2014,QQQ,96
22/07/2014,QQQ,96.610001
23/07/2014,QQQ,97.230003
24/07/2014,QQQ,97.120003
25/07/2014,QQQ,96.739998
28/07/2014,QQQ,96.769997
29/07/2014,QQQ,96.599998
30/07/2014,QQQ,96.980003
31/07/2014,QQQ,95.019997
01/08/2014,QQQ,94.669998
04/08/2014,QQQ,95.32
05/08/2014,QQQ,94.589996
06/08/2014,QQQ,94.519997
07/08/2014,QQQ,94.220001
08/08/2014,QQQ,94.900002
11/08/2014,QQQ,95.459999
12/08/2014,QQQ,95.419998
13/08/2014,QQQ,96.43
14/08/2014,QQQ,96.93
15/08/2014,QQQ,97.400002
18/08/2014,QQQ,98.150002
19/08/2014,QQQ,98.699997
20/08/2014,QQQ,98.699997
21/08/2014,QQQ,98.900002
22/08/2014,QQQ,99.050003
25/08/2014,QQQ,99.400002
26/08/2014,QQQ,99.5
27/08/2014,QQQ,99.519997
28/08/2014,QQQ,99.410004
29/08/2014,QQQ,99.779999
02/09/2014,QQQ,100.07
03/09/2014,QQQ,99.480003
04/09/2014,QQQ,99.389999
05/09/2014,QQQ,99.889999
08/09/2014,QQQ,100.080002
09/09/2014,QQQ,99.25
10/09/2014,QQQ,100.07
11/09/2014,QQQ,99.989998
12/09/2014,QQQ,99.480003
15/09/2014,QQQ,98.519997
16/09/2014,QQQ,99.379997
17/09/2014,QQQ,99.529999
18/09/2014,QQQ,100.279999
19/09/2014,QQQ,99.980003
22/09/2014,QQQ,99.050003
23/09/2014,QQQ,98.779999
24/09/2014,QQQ,99.839996
25/09/2014,QQQ,97.739998
26/09/2014,QQQ,98.779999
29/09/2014,QQQ,98.650002
30/09/2014,QQQ,98.790001
01/10/2014,QQQ,97.209999
02/10/2014,QQQ,97.209999
03/10/2014,QQQ,98.169998
06/10/2014,QQQ,97.959999
07/10/2014,QQQ,96.57
08/10/2014,QQQ,98.449997
09/10/2014,QQQ,96.860001
10/10/2014,QQQ,94.440002
13/10/2014,QQQ,92.959999
14/10/2014,QQQ,92.970001
15/10/2014,QQQ,92.370003
16/10/2014,QQQ,91.790001
17/10/2014,QQQ,93
20/10/2014,QQQ,94.389999
21/10/2014,QQQ,96.870003
22/10/2014,QQQ,96.370003
23/10/2014,QQQ,97.82
24/10/2014,QQQ,98.620003
27/10/2014,QQQ,98.690002
28/10/2014,QQQ,100.18
29/10/2014,QQQ,99.809998
30/10/2014,QQQ,100.019997
31/10/2014,QQQ,101.400002
03/11/2014,QQQ,101.699997
04/11/2014,QQQ,101.360001
05/11/2014,QQQ,101.370003
06/11/2014,QQQ,101.690002
07/11/2014,QQQ,101.599998
10/11/2014,QQQ,101.959999
11/11/2014,QQQ,102.279999
12/11/2014,QQQ,102.459999
13/11/2014,QQQ,102.900002
14/11/2014,QQQ,103.220001
17/11/2014,QQQ,102.910004
18/11/2014,QQQ,103.68
19/11/2014,QQQ,103.209999
20/11/2014,QQQ,103.669998
21/11/2014,QQQ,103.870003
24/11/2014,QQQ,104.68
25/11/2014,QQQ,104.839996
26/11/2014,QQQ,105.519997
28/11/2014,QQQ,106.010002
01/12/2014,QQQ,104.809998
02/12/2014,QQQ,105.230003
03/12/2014,QQQ,105.419998
04/12/2014,QQQ,105.370003
05/12/2014,QQQ,105.379997
08/12/2014,QQQ,104.629997
09/12/2014,QQQ,104.959999
10/12/2014,QQQ,103.309998
11/12/2014,QQQ,103.800003
12/12/2014,QQQ,102.669998
15/12/2014,QQQ,101.610001
16/12/2014,QQQ,99.980003
17/12/2014,QQQ,101.800003
18/12/2014,QQQ,104.25
19/12/2014,QQQ,104.32
22/12/2014,QQQ,104.580002
23/12/2014,QQQ,104.209999
24/12/2014,QQQ,104.300003
26/12/2014,QQQ,105.040001
29/12/2014,QQQ,105.019997
30/12/2014,QQQ,104.32
31/12/2014,QQQ,103.25
02/01/2015,QQQ,102.940002
05/01/2015,QQQ,101.43
06/01/2015,QQQ,100.07
07/01/2015,QQQ,101.360001
08/01/2015,QQQ,103.300003
09/01/2015,QQQ,102.620003
12/01/2015,QQQ,101.550003
13/01/2015,QQQ,101.519997
14/01/2015,QQQ,100.959999
15/01/2015,QQQ,99.650002
16/01/2015,QQQ,100.82
20/01/2015,QQQ,101.620003
21/01/2015,QQQ,102.139999
22/01/2015,QQQ,104.029999
23/01/2015,QQQ,104.260002
26/01/2015,QQQ,104.139999
27/01/2015,QQQ,101.440002
28/01/2015,QQQ,100.919998
29/01/2015,QQQ,101.889999
30/01/2015,QQQ,101.099998
02/02/2015,QQQ,101.980003
03/02/2015,QQQ,102.959999
04/02/2015,QQQ,102.870003
05/02/2015,QQQ,103.760002
06/02/2015,QQQ,103.129997
09/02/2015,QQQ,102.800003
10/02/2015,QQQ,104.400002
11/02/2015,QQQ,104.779999
12/02/2015,QQQ,106
13/02/2015,QQQ,106.910004
17/02/2015,QQQ,107.010002
18/02/2015,QQQ,107.160004
19/02/2015,QQQ,107.690002
20/02/2015,QQQ,108.410004
23/02/2015,QQQ,108.519997
24/02/2015,QQQ,108.599998
25/02/2015,QQQ,108.330002
26/02/2015,QQQ,108.879997
27/02/2015,QQQ,108.400002
02/03/2015,QQQ,109.379997
03/03/2015,QQQ,108.870003
04/03/2015,QQQ,108.449997
05/03/2015,QQQ,108.639999
06/03/2015,QQQ,107.410004
09/03/2015,QQQ,107.720001
10/03/2015,QQQ,105.720001
11/03/2015,QQQ,105.110001
12/03/2015,QQQ,105.800003
13/03/2015,QQQ,105.339996
16/03/2015,QQQ,106.699997
17/03/2015,QQQ,106.870003
18/03/2015,QQQ,107.919998
19/03/2015,QQQ,108.080002
20/03/2015,QQQ,108.529999
23/03/2015,QQQ,108.32
24/03/2015,QQQ,107.93
25/03/2015,QQQ,105.459999
26/03/2015,QQQ,105.099998
27/03/2015,QQQ,105.519997
30/03/2015,QQQ,106.730003
31/03/2015,QQQ,105.599998
01/04/2015,QQQ,105.050003
02/04/2015,QQQ,105.120003
06/04/2015,QQQ,105.980003
07/04/2015,QQQ,105.800003
08/04/2015,QQQ,106.639999
09/04/2015,QQQ,107.309998
10/04/2015,QQQ,107.75
13/04/2015,QQQ,107.480003
14/04/2015,QQQ,107.169998
15/04/2015,QQQ,107.839996
16/04/2015,QQQ,107.690002
17/04/2015,QQQ,106.010002
20/04/2015,QQQ,107.599998
21/04/2015,QQQ,108.059998
22/04/2015,QQQ,108.650002
23/04/2015,QQQ,109.059998
24/04/2015,QQQ,110.540001
27/04/2015,QQQ,110.260002
28/04/2015,QQQ,110.040001
29/04/2015,QQQ,109.349998
30/04/2015,QQQ,107.629997
01/05/2015,QQQ,109.050003
04/05/2015,QQQ,109.230003
05/05/2015,QQQ,107.449997
06/05/2015,QQQ,106.709999
07/05/2015,QQQ,107.349998
08/05/2015,QQQ,108.690002
11/05/2015,QQQ,108.269997
12/05/2015,QQQ,107.779999
13/05/2015,QQQ,108
14/05/2015,QQQ,109.580002
15/05/2015,QQQ,109.580002
18/05/2015,QQQ,110.059998
19/05/2015,QQQ,109.940002
20/05/2015,QQQ,110.010002
21/05/2015,QQQ,110.580002
22/05/2015,QQQ,110.470001
26/05/2015,QQQ,109.199997
27/05/2015,QQQ,110.959999
28/05/2015,QQQ,110.709999
29/05/2015,QQQ,110.050003
01/06/2015,QQQ,110.419998
02/06/2015,QQQ,110.07
03/06/2015,QQQ,110.400002
04/06/2015,QQQ,109.559998
05/06/2015,QQQ,109.300003
08/06/2015,QQQ,108.190002
09/06/2015,QQQ,108.010002
10/06/2015,QQQ,109.489998
11/06/2015,QQQ,109.650002
12/06/2015,QQQ,108.75
15/06/2015,QQQ,108.209999
16/06/2015,QQQ,108.800003
17/06/2015,QQQ,109.099998
18/06/2015,QQQ,110.690002
19/06/2015,QQQ,109.889999
22/06/2015,QQQ,110.699997
23/06/2015,QQQ,110.790001
24/06/2015,QQQ,110.220001
25/06/2015,QQQ,110
26/06/2015,QQQ,109.269997
29/06/2015,QQQ,106.690002
30/06/2015,QQQ,107.07
01/07/2015,QQQ,107.919998
02/07/2015,QQQ,107.949997
06/07/2015,QQQ,107.699997
07/07/2015,QQQ,107.970001
08/07/2015,QQQ,106.089996
09/07/2015,QQQ,106.029999
10/07/2015,QQQ,107.650002
13/07/2015,QQQ,109.540001
14/07/2015,QQQ,110.260002
15/07/2015,QQQ,110.379997
16/07/2015,QQQ,111.940002
17/07/2015,QQQ,113.589996
20/07/2015,QQQ,113.980003
21/07/2015,QQQ,113.910004
22/07/2015,QQQ,112.620003
23/07/2015,QQQ,112.199997
24/07/2015,QQQ,111.099998
27/07/2015,QQQ,110.18
28/07/2015,QQQ,111.129997
29/07/2015,QQQ,111.550003
30/07/2015,QQQ,112.080002
31/07/2015,QQQ,111.949997
03/08/2015,QQQ,111.599998
04/08/2015,QQQ,111.389999
05/08/2015,QQQ,112.25
06/08/2015,QQQ,110.449997
07/08/2015,QQQ,110.309998
10/08/2015,QQQ,111.57
11/08/2015,QQQ,110.139999
12/08/2015,QQQ,110.519997
13/08/2015,QQQ,110.339996
14/08/2015,QQQ,110.510002
17/08/2015,QQQ,111.43
18/08/2015,QQQ,110.860001
19/08/2015,QQQ,110.129997
20/08/2015,QQQ,107.080002
21/08/2015,QQQ,102.400002
24/08/2015,QQQ,98.459999
25/08/2015,QQQ,98.089996
26/08/2015,QQQ,103.029999
27/08/2015,QQQ,105.639999
28/08/2015,QQQ,105.620003
31/08/2015,QQQ,104.309998
01/09/2015,QQQ,101.050003
02/09/2015,QQQ,103.900002
03/09/2015,QQQ,103.389999
04/09/2015,QQQ,102.160004
08/09/2015,QQQ,105.040001
09/09/2015,QQQ,103.860001
10/09/2015,QQQ,104.989998
11/09/2015,QQQ,105.57
14/09/2015,QQQ,105.25
15/09/2015,QQQ,106.489998
16/09/2015,QQQ,107.089996
17/09/2015,QQQ,107.129997
18/09/2015,QQQ,105.349998
21/09/2015,QQQ,105.68
22/09/2015,QQQ,104.099998
23/09/2015,QQQ,104.18
24/09/2015,QQQ,103.800003
25/09/2015,QQQ,102.919998
28/09/2015,QQQ,99.989998
29/09/2015,QQQ,99.470001
30/09/2015,QQQ,101.760002
01/10/2015,QQQ,102.220001
02/10/2015,QQQ,104.010002
05/10/2015,QQQ,105.5
06/10/2015,QQQ,105
07/10/2015,QQQ,105.629997
08/10/2015,QQQ,106.050003
09/10/2015,QQQ,106.529999
12/10/2015,QQQ,106.790001
13/10/2015,QQQ,106.099998
14/10/2015,QQQ,105.93
15/10/2015,QQQ,107.669998
16/10/2015,QQQ,108.120003
19/10/2015,QQQ,108.739998
20/10/2015,QQQ,108.18
21/10/2015,QQQ,107.519997
22/10/2015,QQQ,109.709999
23/10/2015,QQQ,112.779999
26/10/2015,QQQ,112.849998
27/10/2015,QQQ,113.080002
28/10/2015,QQQ,114.019997
29/10/2015,QQQ,113.839996
30/10/2015,QQQ,113.330002
02/11/2015,QQQ,114.610001
03/11/2015,QQQ,115.010002
04/11/2015,QQQ,115.019997
05/11/2015,QQQ,114.709999
06/11/2015,QQQ,114.790001
09/11/2015,QQQ,113.57
10/11/2015,QQQ,113.279999
11/11/2015,QQQ,113.139999
12/11/2015,QQQ,112.040001
13/11/2015,QQQ,109.839996
16/11/2015,QQQ,111.419998
17/11/2015,QQQ,111.489998
18/11/2015,QQQ,113.629997
19/11/2015,QQQ,113.709999
20/11/2015,QQQ,114.480003
23/11/2015,QQQ,114.150002
24/11/2015,QQQ,114.050003
25/11/2015,QQQ,114.150002
27/11/2015,QQQ,114.309998
30/11/2015,QQQ,114.019997
01/12/2015,QQQ,115.160004
02/12/2015,QQQ,114.449997
03/12/2015,QQQ,112.510002
04/12/2015,QQQ,115.139999
07/12/2015,QQQ,114.620003
08/12/2015,QQQ,114.629997
09/12/2015,QQQ,112.889999
10/12/2015,QQQ,113.400002
11/12/2015,QQQ,110.790001
14/12/2015,QQQ,111.629997
15/12/2015,QQQ,112.309998
16/12/2015,QQQ,113.980003
17/12/2015,QQQ,112.32
18/12/2015,QQQ,109.830002
21/12/2015,QQQ,111.050003
22/12/2015,QQQ,111.779999
23/12/2015,QQQ,112.610001
24/12/2015,QQQ,112.589996
28/12/2015,QQQ,112.529999
29/12/2015,QQQ,114.300003
30/12/2015,QQQ,113.269997
31/12/2015,QQQ,111.860001
04/01/2016,QQQ,109.5
05/01/2016,QQQ,109.309998
06/01/2016,QQQ,108.260002
07/01/2016,QQQ,104.870003
08/01/2016,QQQ,104.010002
11/01/2016,QQQ,104.330002
12/01/2016,QQQ,105.540001
13/01/2016,QQQ,101.900002
14/01/2016,QQQ,104.07
15/01/2016,QQQ,100.839996
19/01/2016,QQQ,101.059998
20/01/2016,QQQ,100.75
21/01/2016,QQQ,100.849998
22/01/2016,QQQ,103.769997
25/01/2016,QQQ,102.230003
26/01/2016,QQQ,103.150002
27/01/2016,QQQ,100.580002
28/01/2016,QQQ,102
29/01/2016,QQQ,104.129997
01/02/2016,QQQ,104.410004
02/02/2016,QQQ,102.150002
03/02/2016,QQQ,101.660004
04/02/2016,QQQ,101.650002
05/02/2016,QQQ,98.120003
08/02/2016,QQQ,96.620003
09/02/2016,QQQ,96.32
10/02/2016,QQQ,96.690002
11/02/2016,QQQ,96.550003
12/02/2016,QQQ,98.019997
16/02/2016,QQQ,100.230003
17/02/2016,QQQ,102.5
18/02/2016,QQQ,101.330002
19/02/2016,QQQ,101.629997
22/02/2016,QQQ,103.279999
23/02/2016,QQQ,101.580002
24/02/2016,QQQ,102.550003
25/02/2016,QQQ,103.559998
26/02/2016,QQQ,103.43
29/02/2016,QQQ,102.5
01/03/2016,QQQ,105.790001
02/03/2016,QQQ,105.830002
03/03/2016,QQQ,105.629997
04/03/2016,QQQ,105.669998
07/03/2016,QQQ,105.019997
08/03/2016,QQQ,104.150002
09/03/2016,QQQ,104.82
10/03/2016,QQQ,104.660004
11/03/2016,QQQ,106.489998
14/03/2016,QQQ,106.669998
15/03/2016,QQQ,106.629997
16/03/2016,QQQ,107.580002
17/03/2016,QQQ,107.519997
18/03/2016,QQQ,107.370003
21/03/2016,QQQ,107.790001
22/03/2016,QQQ,108.120003
23/03/2016,QQQ,107.230003
24/03/2016,QQQ,107.260002
28/03/2016,QQQ,107.110001
29/03/2016,QQQ,108.830002
30/03/2016,QQQ,109.360001
31/03/2016,QQQ,109.199997
01/04/2016,QQQ,110.360001
04/04/2016,QQQ,109.940002
05/04/2016,QQQ,108.879997
06/04/2016,QQQ,110.669998
07/04/2016,QQQ,109.080002
08/04/2016,QQQ,109
11/04/2016,QQQ,108.599998
12/04/2016,QQQ,109.510002
13/04/2016,QQQ,110.910004
14/04/2016,QQQ,110.919998
15/04/2016,QQQ,110.639999
18/04/2016,QQQ,111.230003
19/04/2016,QQQ,110.550003
20/04/2016,QQQ,110.639999
21/04/2016,QQQ,110.650002
22/04/2016,QQQ,108.980003
25/04/2016,QQQ,108.980003
26/04/2016,QQQ,108.449997
27/04/2016,QQQ,107.580002
28/04/2016,QQQ,106.279999
29/04/2016,QQQ,105.720001
02/05/2016,QQQ,106.720001
03/05/2016,QQQ,105.730003
04/05/2016,QQQ,105.050003
05/05/2016,QQQ,105.019997
06/05/2016,QQQ,105.580002
09/05/2016,QQQ,105.879997
10/05/2016,QQQ,107.330002
11/05/2016,QQQ,106.360001
12/05/2016,QQQ,105.889999
13/05/2016,QQQ,105.5
16/05/2016,QQQ,106.82
17/05/2016,QQQ,105.480003
18/05/2016,QQQ,105.860001
19/05/2016,QQQ,105.309998
20/05/2016,QQQ,106.470001
23/05/2016,QQQ,106.330002
24/05/2016,QQQ,108.459999
25/05/2016,QQQ,109.239998
26/05/2016,QQQ,109.559998
27/05/2016,QQQ,110.129997
31/05/2016,QQQ,110.339996
01/06/2016,QQQ,110.349998
02/06/2016,QQQ,110.580002
03/06/2016,QQQ,110.059998
06/06/2016,QQQ,110.459999
07/06/2016,QQQ,110.18
08/06/2016,QQQ,110.370003
09/06/2016,QQQ,110.190002
10/06/2016,QQQ,108.940002
13/06/2016,QQQ,108.029999
14/06/2016,QQQ,108.029999
15/06/2016,QQQ,107.720001
16/06/2016,QQQ,108.040001
17/06/2016,QQQ,106.489998
20/06/2016,QQQ,107.160004
21/06/2016,QQQ,107.5
22/06/2016,QQQ,107.239998
23/06/2016,QQQ,108.769997
24/06/2016,QQQ,104.290001
27/06/2016,QQQ,102.220001
28/06/2016,QQQ,104.459999
29/06/2016,QQQ,106.309998
30/06/2016,QQQ,107.540001
01/07/2016,QQQ,108.080002
05/07/2016,QQQ,107.419998
06/07/2016,QQQ,108.300003
07/07/2016,QQQ,108.620003
08/07/2016,QQQ,110.300003
11/07/2016,QQQ,110.93
12/07/2016,QQQ,111.489998
13/07/2016,QQQ,111.220001
14/07/2016,QQQ,111.980003
15/07/2016,QQQ,111.800003
18/07/2016,QQQ,112.540001
19/07/2016,QQQ,112.129997
20/07/2016,QQQ,113.440002
21/07/2016,QQQ,113.18
22/07/2016,QQQ,113.650002
25/07/2016,QQQ,113.660004
26/07/2016,QQQ,113.790001
27/07/2016,QQQ,114.580002
28/07/2016,QQQ,114.980003
29/07/2016,QQQ,115.230003
01/08/2016,QQQ,115.839996
02/08/2016,QQQ,114.959999
03/08/2016,QQQ,115.339996
04/08/2016,QQQ,115.669998
05/08/2016,QQQ,116.779999
08/08/2016,QQQ,116.650002
09/08/2016,QQQ,116.919998
10/08/2016,QQQ,116.620003
11/08/2016,QQQ,117.120003
12/08/2016,QQQ,117.199997
15/08/2016,QQQ,117.699997
16/08/2016,QQQ,117.050003
17/08/2016,QQQ,117.260002
18/08/2016,QQQ,117.290001
19/08/2016,QQQ,117.260002
22/08/2016,QQQ,117.349998
23/08/2016,QQQ,117.559998
24/08/2016,QQQ,116.800003
25/08/2016,QQQ,116.610001
26/08/2016,QQQ,116.779999
29/08/2016,QQQ,116.940002
30/08/2016,QQQ,116.559998
31/08/2016,QQQ,116.440002
01/09/2016,QQQ,116.739998
02/09/2016,QQQ,117.120003
06/09/2016,QQQ,117.849998
07/09/2016,QQQ,117.919998
08/09/2016,QQQ,117.230003
09/09/2016,QQQ,114.279999
12/09/2016,QQQ,116.330002
13/09/2016,QQQ,115.290001
14/09/2016,QQQ,115.839996
15/09/2016,QQQ,117.639999
16/09/2016,QQQ,117.290001
19/09/2016,QQQ,116.779999
20/09/2016,QQQ,117
21/09/2016,QQQ,118.150002
22/09/2016,QQQ,119.089996
23/09/2016,QQQ,118.330002
26/09/2016,QQQ,117.339996
27/09/2016,QQQ,118.5
28/09/2016,QQQ,118.699997
29/09/2016,QQQ,117.839996
30/09/2016,QQQ,118.720001
03/10/2016,QQQ,118.550003
04/10/2016,QQQ,118.370003
05/10/2016,QQQ,118.790001
06/10/2016,QQQ,118.730003
07/10/2016,QQQ,118.470001
10/10/2016,QQQ,119.220001
11/10/2016,QQQ,117.519997
12/10/2016,QQQ,117.419998
13/10/2016,QQQ,117
14/10/2016,QQQ,117.139999
17/10/2016,QQQ,116.82
18/10/2016,QQQ,117.860001
19/10/2016,QQQ,117.849998
20/10/2016,QQQ,117.709999
21/10/2016,QQQ,118.150002
24/10/2016,QQQ,119.57
25/10/2016,QQQ,119.190002
26/10/2016,QQQ,118.379997
27/10/2016,QQQ,117.839996
28/10/2016,QQQ,117.099998
31/10/2016,QQQ,116.989998
01/11/2016,QQQ,116.110001
02/11/2016,QQQ,115.18
03/11/2016,QQQ,114.050003
04/11/2016,QQQ,113.650002
07/11/2016,QQQ,116.349998
08/11/2016,QQQ,117.110001
09/11/2016,QQQ,117.650002
10/11/2016,QQQ,115.75
11/11/2016,QQQ,115.800003
14/11/2016,QQQ,114.629997
15/11/2016,QQQ,116.220001
16/11/2016,QQQ,116.910004
17/11/2016,QQQ,117.760002
18/11/2016,QQQ,117.32
21/11/2016,QQQ,118.540001
22/11/2016,QQQ,118.900002
23/11/2016,QQQ,118.419998
25/11/2016,QQQ,118.800003
28/11/2016,QQQ,118.529999
29/11/2016,QQQ,118.940002
30/11/2016,QQQ,117.5
01/12/2016,QQQ,115.470001
02/12/2016,QQQ,115.699997
05/12/2016,QQQ,116.599998
06/12/2016,QQQ,116.879997
07/12/2016,QQQ,118.360001
08/12/2016,QQQ,118.57
09/12/2016,QQQ,119.5
12/12/2016,QQQ,118.959999
13/12/2016,QQQ,120.459999
14/12/2016,QQQ,120.209999
15/12/2016,QQQ,120.400002
16/12/2016,QQQ,119.599998
19/12/2016,QQQ,120.089996
20/12/2016,QQQ,120.550003
21/12/2016,QQQ,120.459999
22/12/2016,QQQ,120.120003
23/12/2016,QQQ,120.199997
27/12/2016,QQQ,120.82
28/12/2016,QQQ,119.879997
29/12/2016,QQQ,119.709999
30/12/2016,QQQ,118.480003
03/01/2017,QQQ,119.540001
04/01/2017,QQQ,120.190002
05/01/2017,QQQ,120.870003
06/01/2017,QQQ,121.93
09/01/2017,QQQ,122.330002
10/01/2017,QQQ,122.599998
11/01/2017,QQQ,122.93
12/01/2017,QQQ,122.739998
13/01/2017,QQQ,123.160004
17/01/2017,QQQ,122.790001
18/01/2017,QQQ,123.040001
19/01/2017,QQQ,122.980003
20/01/2017,QQQ,123.25
23/01/2017,QQQ,123.349998
24/01/2017,QQQ,124.18
25/01/2017,QQQ,125.43
26/01/2017,QQQ,125.559998
27/01/2017,QQQ,125.800003
30/01/2017,QQQ,124.82
31/01/2017,QQQ,124.57
01/02/2017,QQQ,125.43
02/02/2017,QQQ,125.32
03/02/2017,QQQ,125.68
06/02/2017,QQQ,125.830002
07/02/2017,QQQ,126.290001
08/02/2017,QQQ,126.5
09/02/2017,QQQ,126.959999
10/02/2017,QQQ,127.379997
13/02/2017,QQQ,128.100006
14/02/2017,QQQ,128.529999
15/02/2017,QQQ,129.289993
16/02/2017,QQQ,129.25
17/02/2017,QQQ,129.809998
21/02/2017,QQQ,130.449997
22/02/2017,QQQ,130.5
23/02/2017,QQQ,130.009995
24/02/2017,QQQ,130.259995
27/02/2017,QQQ,130.419998
28/02/2017,QQQ,130.020004
01/03/2017,QQQ,131.440002
02/03/2017,QQQ,130.779999
03/03/2017,QQQ,131.020004
06/03/2017,QQQ,130.729996
07/03/2017,QQQ,130.509995
08/03/2017,QQQ,130.740005
09/03/2017,QQQ,130.839996
10/03/2017,QQQ,131.389999
13/03/2017,QQQ,131.610001
14/03/2017,QQQ,131.289993
15/03/2017,QQQ,132.100006
16/03/2017,QQQ,132.009995
17/03/2017,QQQ,131.690002
20/03/2017,QQQ,131.809998
21/03/2017,QQQ,129.809998
22/03/2017,QQQ,130.690002
23/03/2017,QQQ,130.360001
24/03/2017,QQQ,130.630005
27/03/2017,QQQ,130.839996
28/03/2017,QQQ,131.639999
29/03/2017,QQQ,132.25
30/03/2017,QQQ,132.470001
31/03/2017,QQQ,132.380005
03/04/2017,QQQ,132.300003
04/04/2017,QQQ,132.509995
05/04/2017,QQQ,131.970001
06/04/2017,QQQ,132.039993
07/04/2017,QQQ,131.970001
10/04/2017,QQQ,132.020004
11/04/2017,QQQ,131.449997
12/04/2017,QQQ,130.919998
13/04/2017,QQQ,130.399994
17/04/2017,QQQ,131.479996
18/04/2017,QQQ,131.279999
19/04/2017,QQQ,131.490005
20/04/2017,QQQ,132.589996
21/04/2017,QQQ,132.559998
24/04/2017,QQQ,134.160004
25/04/2017,QQQ,135.130005
26/04/2017,QQQ,134.940002
27/04/2017,QQQ,135.75
28/04/2017,QQQ,135.990005
01/05/2017,QQQ,137.199997
02/05/2017,QQQ,137.429993
03/05/2017,QQQ,136.990005
04/05/2017,QQQ,137.039993
05/05/2017,QQQ,137.539993
08/05/2017,QQQ,137.839996
09/05/2017,QQQ,138.320007
10/05/2017,QQQ,138.399994
11/05/2017,QQQ,138.289993
12/05/2017,QQQ,138.600006
15/05/2017,QQQ,139.039993
16/05/2017,QQQ,139.619995
17/05/2017,QQQ,136.070007
18/05/2017,QQQ,137.259995
19/05/2017,QQQ,137.839996
22/05/2017,QQQ,139
23/05/2017,QQQ,139.139999
24/05/2017,QQQ,139.779999
25/05/2017,QQQ,140.970001
26/05/2017,QQQ,141.220001
30/05/2017,QQQ,141.339996
31/05/2017,QQQ,141.289993
01/06/2017,QQQ,141.839996
02/06/2017,QQQ,143.460007
05/06/2017,QQQ,143.429993
06/06/2017,QQQ,142.860001
07/06/2017,QQQ,143.419998
08/06/2017,QQQ,143.570007
09/06/2017,QQQ,139.979996
12/06/2017,QQQ,139.229996
13/06/2017,QQQ,140.360001
14/06/2017,QQQ,139.75
15/06/2017,QQQ,139.130005
16/06/2017,QQQ,138.149994
19/06/2017,QQQ,140.460007
20/06/2017,QQQ,139.360001
21/06/2017,QQQ,140.740005
22/06/2017,QQQ,140.699997
23/06/2017,QQQ,141.240005
26/06/2017,QQQ,140.580002
27/06/2017,QQQ,138.029999
28/06/2017,QQQ,140.020004
29/06/2017,QQQ,137.589996
30/06/2017,QQQ,137.639999
03/07/2017,QQQ,136.190002
05/07/2017,QQQ,137.529999
06/07/2017,QQQ,136.289993
07/07/2017,QQQ,137.759995
10/07/2017,QQQ,138.660004
11/07/2017,QQQ,139.050003
12/07/2017,QQQ,140.699997
13/07/2017,QQQ,141.009995
14/07/2017,QQQ,142.119995
17/07/2017,QQQ,142.190002
18/07/2017,QQQ,143.139999
19/07/2017,QQQ,143.979996
20/07/2017,QQQ,144.169998
21/07/2017,QQQ,144.110001
24/07/2017,QQQ,144.770004
25/07/2017,QQQ,144.399994
26/07/2017,QQQ,144.869995
27/07/2017,QQQ,143.960007
28/07/2017,QQQ,143.839996
31/07/2017,QQQ,143.229996
01/08/2017,QQQ,143.559998
02/08/2017,QQQ,143.949997
03/08/2017,QQQ,143.389999
04/08/2017,QQQ,143.649994
07/08/2017,QQQ,144.559998
08/08/2017,QQQ,144.309998
09/08/2017,QQQ,144.119995
10/08/2017,QQQ,141.029999
11/08/2017,QQQ,142.100006
14/08/2017,QQQ,143.929993
15/08/2017,QQQ,144.029999
16/08/2017,QQQ,144.279999
17/08/2017,QQQ,141.330002
18/08/2017,QQQ,141.229996
21/08/2017,QQQ,141.050003
22/08/2017,QQQ,143.199997
23/08/2017,QQQ,142.690002
24/08/2017,QQQ,142.270004
25/08/2017,QQQ,141.970001
28/08/2017,QQQ,142.410004
29/08/2017,QQQ,142.970001
30/08/2017,QQQ,144.649994
31/08/2017,QQQ,146.199997
01/09/2017,QQQ,146
05/09/2017,QQQ,144.690002
06/09/2017,QQQ,145.130005
07/09/2017,QQQ,145.470001
08/09/2017,QQQ,144.210007
11/09/2017,QQQ,145.869995
12/09/2017,QQQ,146.220001
13/09/2017,QQQ,146.419998
14/09/2017,QQQ,145.559998
15/09/2017,QQQ,146.059998
18/09/2017,QQQ,145.550003
19/09/2017,QQQ,145.800003
20/09/2017,QQQ,145.350006
21/09/2017,QQQ,144.460007
22/09/2017,QQQ,144.320007
25/09/2017,QQQ,142.800003
26/09/2017,QQQ,143.169998
27/09/2017,QQQ,144.460007
28/09/2017,QQQ,144.410004
29/09/2017,QQQ,145.449997
02/10/2017,QQQ,145.580002
03/10/2017,QQQ,145.889999
04/10/2017,QQQ,146.029999
05/10/2017,QQQ,147.460007
06/10/2017,QQQ,147.660004
09/10/2017,QQQ,147.490005
10/10/2017,QQQ,147.600006
11/10/2017,QQQ,148.039993
12/10/2017,QQQ,147.770004
13/10/2017,QQQ,148.339996
16/10/2017,QQQ,148.850006
17/10/2017,QQQ,149.039993
18/10/2017,QQQ,148.860001
19/10/2017,QQQ,148.309998
20/10/2017,QQQ,148.710007
23/10/2017,QQQ,147.740005
24/10/2017,QQQ,147.990005
25/10/2017,QQQ,147.429993
26/10/2017,QQQ,146.960007
27/10/2017,QQQ,151.240005
30/10/2017,QQQ,151.580002
31/10/2017,QQQ,152.149994
01/11/2017,QQQ,152.100006
02/11/2017,QQQ,151.809998
03/11/2017,QQQ,153.270004
06/11/2017,QQQ,153.789993
07/11/2017,QQQ,153.880005
08/11/2017,QQQ,154.5
09/11/2017,QQQ,153.690002
10/11/2017,QQQ,153.679993
13/11/2017,QQQ,153.869995
14/11/2017,QQQ,153.309998
15/11/2017,QQQ,152.589996
16/11/2017,QQQ,154.539993
17/11/2017,QQQ,153.949997
20/11/2017,QQQ,153.830002
21/11/2017,QQQ,155.5
22/11/2017,QQQ,155.690002
24/11/2017,QQQ,156.259995
27/11/2017,QQQ,156.190002
28/11/2017,QQQ,156.589996
29/11/2017,QQQ,153.860001
30/11/2017,QQQ,155.149994
01/12/2017,QQQ,154.490005
04/12/2017,QQQ,152.710007
05/12/2017,QQQ,152.809998
06/12/2017,QQQ,153.5
07/12/2017,QQQ,154.020004
08/12/2017,QQQ,154.699997
11/12/2017,QQQ,155.899994
12/12/2017,QQQ,155.690002
13/12/2017,QQQ,155.990005
14/12/2017,QQQ,155.880005
15/12/2017,QQQ,157.649994
18/12/2017,QQQ,158.639999
19/12/2017,QQQ,157.699997
20/12/2017,QQQ,157.529999
21/12/2017,QQQ,157.550003
22/12/2017,QQQ,157.369995
26/12/2017,QQQ,156.520004
27/12/2017,QQQ,156.539993
28/12/2017,QQQ,156.729996
29/12/2017,QQQ,155.759995
02/01/2018,QQQ,158.490005
03/01/2018,QQQ,160.029999
04/01/2018,QQQ,160.309998
05/01/2018,QQQ,161.919998
08/01/2018,QQQ,162.550003
09/01/2018,QQQ,162.559998
10/01/2018,QQQ,162.179993
11/01/2018,QQQ,163.289993
12/01/2018,QQQ,164.490005
16/01/2018,QQQ,164.020004
17/01/2018,QQQ,165.789993
18/01/2018,QQQ,165.820007
19/01/2018,QQQ,166.339996
22/01/2018,QQQ,168.119995
23/01/2018,QQQ,169.509995
24/01/2018,QQQ,168.410004
25/01/2018,QQQ,168.350006
26/01/2018,QQQ,170.929993
29/01/2018,QQQ,170.100006
30/01/2018,QQQ,168.699997
31/01/2018,QQQ,169.399994
01/02/2018,QQQ,167.960007
02/02/2018,QQQ,164.610001
05/02/2018,QQQ,158.119995
06/02/2018,QQQ,162.309998
07/02/2018,QQQ,160.210007
08/02/2018,QQQ,153.449997
09/02/2018,QQQ,156.100006
12/02/2018,QQQ,158.869995
13/02/2018,QQQ,159.690002
14/02/2018,QQQ,162.679993
15/02/2018,QQQ,165.699997
16/02/2018,QQQ,164.960007
20/02/2018,QQQ,165.289993
21/02/2018,QQQ,164.820007
22/02/2018,QQQ,164.800003
23/02/2018,QQQ,168.169998
26/02/2018,QQQ,170.399994
27/02/2018,QQQ,168.289993
28/02/2018,QQQ,167.210007
01/03/2018,QQQ,164.479996
02/03/2018,QQQ,165.990005
05/03/2018,QQQ,167.830002
06/03/2018,QQQ,168.539993
07/03/2018,QQQ,168.929993
08/03/2018,QQQ,169.860001
09/03/2018,QQQ,173.160004
12/03/2018,QQQ,174.080002
13/03/2018,QQQ,171.710007
14/03/2018,QQQ,171.679993
15/03/2018,QQQ,171.529999
16/03/2018,QQQ,171.020004
19/03/2018,QQQ,167.100006
20/03/2018,QQQ,167.649994
21/03/2018,QQQ,166.919998
22/03/2018,QQQ,162.800003
23/03/2018,QQQ,158.509995
26/03/2018,QQQ,164.399994
27/03/2018,QQQ,159.080002
28/03/2018,QQQ,157.25
29/03/2018,QQQ,160.130005
02/04/2018,QQQ,155.509995
03/04/2018,QQQ,157.259995
04/04/2018,QQQ,159.740005
05/04/2018,QQQ,160.649994
06/04/2018,QQQ,156.630005
09/04/2018,QQQ,157.729996
10/04/2018,QQQ,161.210007
11/04/2018,QQQ,160.279999
12/04/2018,QQQ,162.210007
13/04/2018,QQQ,161.369995
16/04/2018,QQQ,162.600006
17/04/2018,QQQ,166.100006
18/04/2018,QQQ,166.440002
19/04/2018,QQQ,164.910004
20/04/2018,QQQ,162.300003
23/04/2018,QQQ,161.889999
24/04/2018,QQQ,158.460007
25/04/2018,QQQ,158.649994
26/04/2018,QQQ,161.990005
27/04/2018,QQQ,162.089996
30/04/2018,QQQ,160.940002
01/05/2018,QQQ,162.779999
02/05/2018,QQQ,161.820007
03/05/2018,QQQ,161.800003
04/05/2018,QQQ,164.869995
07/05/2018,QQQ,166.240005
08/05/2018,QQQ,166.070007
09/05/2018,QQQ,167.880005
10/05/2018,QQQ,169.619995
11/05/2018,QQQ,169.460007
14/05/2018,QQQ,169.75
15/05/2018,QQQ,167.869995
16/05/2018,QQQ,168.979996
17/05/2018,QQQ,168.330002
18/05/2018,QQQ,167.460007
21/05/2018,QQQ,168.399994
22/05/2018,QQQ,168.179993
23/05/2018,QQQ,169.600006
24/05/2018,QQQ,169.550003
25/05/2018,QQQ,169.720001
29/05/2018,QQQ,168.970001
30/05/2018,QQQ,170.179993
31/05/2018,QQQ,170.070007
01/06/2018,QQQ,172.740005
04/06/2018,QQQ,174.300003
05/06/2018,QQQ,174.839996
06/06/2018,QQQ,175.860001
07/06/2018,QQQ,174.429993
08/06/2018,QQQ,174.440002
11/06/2018,QQQ,174.910004
12/06/2018,QQQ,175.830002
13/06/2018,QQQ,175.820007
14/06/2018,QQQ,177.600006
15/06/2018,QQQ,176.979996
18/06/2018,QQQ,176.5
19/06/2018,QQQ,176
20/06/2018,QQQ,177.25
21/06/2018,QQQ,175.710007
22/06/2018,QQQ,175.320007
25/06/2018,QQQ,171.369995
26/06/2018,QQQ,172.070007
27/06/2018,QQQ,169.729996
28/06/2018,QQQ,171.190002
29/06/2018,QQQ,171.649994
02/07/2018,QQQ,172.800003
03/07/2018,QQQ,170.800003
05/07/2018,QQQ,172.919998
06/07/2018,QQQ,175.610001
09/07/2018,QQQ,177.190002
10/07/2018,QQQ,177.320007
11/07/2018,QQQ,176.419998
12/07/2018,QQQ,179.460007
13/07/2018,QQQ,179.610001
16/07/2018,QQQ,179.179993
17/07/2018,QQQ,180.270004
18/07/2018,QQQ,179.929993
19/07/2018,QQQ,179.029999
20/07/2018,QQQ,178.990005
23/07/2018,QQQ,179.559998
24/07/2018,QQQ,180.300003
25/07/2018,QQQ,182.820007
26/07/2018,QQQ,180.050003
27/07/2018,QQQ,177.619995
30/07/2018,QQQ,175.110001
31/07/2018,QQQ,176.449997
01/08/2018,QQQ,177.119995
02/08/2018,QQQ,179.529999
03/08/2018,QQQ,180.080002
06/08/2018,QQQ,181.139999
07/08/2018,QQQ,181.800003
08/08/2018,QQQ,182.020004
09/08/2018,QQQ,181.910004
10/08/2018,QQQ,180.520004
13/08/2018,QQQ,180.320007
14/08/2018,QQQ,181.449997
15/08/2018,QQQ,179.229996
16/08/2018,QQQ,179.820007
17/08/2018,QQQ,179.860001
20/08/2018,QQQ,179.699997
21/08/2018,QQQ,180.360001
22/08/2018,QQQ,181.059998
23/08/2018,QQQ,180.800003
24/08/2018,QQQ,182.479996
27/08/2018,QQQ,184.339996
28/08/2018,QQQ,184.610001
29/08/2018,QQQ,186.740005
30/08/2018,QQQ,186.410004
31/08/2018,QQQ,186.649994
04/09/2018,QQQ,185.850006
05/09/2018,QQQ,183.449997
06/09/2018,QQQ,181.809998
07/09/2018,QQQ,181.110001
10/09/2018,QQQ,181.720001
11/09/2018,QQQ,183.119995
12/09/2018,QQQ,182.580002
13/09/2018,QQQ,184.529999
14/09/2018,QQQ,183.990005
17/09/2018,QQQ,181.339996
18/09/2018,QQQ,182.839996
19/09/2018,QQQ,182.699997
20/09/2018,QQQ,184.720001
21/09/2018,QQQ,183.710007
24/09/2018,QQQ,183.889999
25/09/2018,QQQ,184.139999
26/09/2018,QQQ,184.270004
27/09/2018,QQQ,185.830002
28/09/2018,QQQ,185.789993
01/10/2018,QQQ,186.169998
02/10/2018,QQQ,185.75
03/10/2018,QQQ,185.949997
04/10/2018,QQQ,182.380005
05/10/2018,QQQ,180.149994
08/10/2018,QQQ,179.050003
09/10/2018,QQQ,179.630005
10/10/2018,QQQ,171.729996
11/10/2018,QQQ,169.600006
12/10/2018,QQQ,174.320007
15/10/2018,QQQ,172.210007
16/10/2018,QQQ,177.220001
17/10/2018,QQQ,177.289993
18/10/2018,QQQ,173.179993
19/10/2018,QQQ,173.020004
22/10/2018,QQQ,173.910004
23/10/2018,QQQ,173.270004
24/10/2018,QQQ,165.339996
25/10/2018,QQQ,171.059998
26/10/2018,QQQ,166.660004
29/10/2018,QQQ,163.229996
30/10/2018,QQQ,165.919998
31/10/2018,QQQ,169.820007
01/11/2018,QQQ,172.059998
02/11/2018,QQQ,169.380005
05/11/2018,QQQ,168.960007
06/11/2018,QQQ,170.240005
07/11/2018,QQQ,175.580002
08/11/2018,QQQ,174.460007
09/11/2018,QQQ,171.520004
12/11/2018,QQQ,166.330002
13/11/2018,QQQ,166.470001
14/11/2018,QQQ,165.199997
15/11/2018,QQQ,168.089996
16/11/2018,QQQ,167.5
19/11/2018,QQQ,162.059998
20/11/2018,QQQ,159.160004
21/11/2018,QQQ,160.369995
23/11/2018,QQQ,159.210007
26/11/2018,QQQ,162.889999
27/11/2018,QQQ,163.440002
28/11/2018,QQQ,168.699997
29/11/2018,QQQ,168.149994
30/11/2018,QQQ,169.369995
03/12/2018,QQQ,172.330002
04/12/2018,QQQ,165.720001
06/12/2018,QQQ,166.889999
07/12/2018,QQQ,161.380005
10/12/2018,QQQ,163.070007
11/12/2018,QQQ,163.610001
12/12/2018,QQQ,165.050003
13/12/2018,QQQ,165.100006
14/12/2018,QQQ,161.080002
17/12/2018,QQQ,157.429993
18/12/2018,QQQ,158.419998
19/12/2018,QQQ,154.529999
20/12/2018,QQQ,152.289993
21/12/2018,QQQ,147.570007
24/12/2018,QQQ,143.5
26/12/2018,QQQ,152.460007
27/12/2018,QQQ,153.050003
28/12/2018,QQQ,152.970001
31/12/2018,QQQ,154.259995
02/01/2019,QQQ,154.880005
03/01/2019,QQQ,149.820007
04/01/2019,QQQ,156.229996
07/01/2019,QQQ,158.089996
08/01/2019,QQQ,159.520004
09/01/2019,QQQ,160.820007
10/01/2019,QQQ,161.279999
11/01/2019,QQQ,160.690002
14/01/2019,QQQ,159.270004
15/01/2019,QQQ,162.380005
16/01/2019,QQQ,162.350006
17/01/2019,QQQ,163.630005
18/01/2019,QQQ,165.25
22/01/2019,QQQ,161.940002
23/01/2019,QQQ,162.149994
24/01/2019,QQQ,163.199997
25/01/2019,QQQ,165.149994
28/01/2019,QQQ,163.110001
29/01/2019,QQQ,161.570007
30/01/2019,QQQ,165.679993
31/01/2019,QQQ,168.160004
01/02/2019,QQQ,167.449997
04/02/2019,QQQ,169.529999
05/02/2019,QQQ,171.029999
06/02/2019,QQQ,170.520004
07/02/2019,QQQ,168.229996
08/02/2019,QQQ,168.559998
11/02/2019,QQQ,168.399994
12/02/2019,QQQ,170.889999
13/02/2019,QQQ,171.009995
14/02/2019,QQQ,171.220001
15/02/2019,QQQ,171.940002
19/02/2019,QQQ,172.279999
20/02/2019,QQQ,172.25
21/02/2019,QQQ,171.619995
22/02/2019,QQQ,172.889999
25/02/2019,QQQ,173.520004
26/02/2019,QQQ,173.699997
27/02/2019,QQQ,173.589996
28/02/2019,QQQ,173.190002
01/03/2019,QQQ,174.389999
04/03/2019,QQQ,174.419998
05/03/2019,QQQ,174.550003
06/03/2019,QQQ,173.559998
07/03/2019,QQQ,171.429993
08/03/2019,QQQ,171.169998
11/03/2019,QQQ,174.729996
12/03/2019,QQQ,175.690002
13/03/2019,QQQ,177.009995
14/03/2019,QQQ,176.710007
15/03/2019,QQQ,178.350006
18/03/2019,QQQ,178.449997
19/03/2019,QQQ,179.050003
20/03/2019,QQQ,179.759995
21/03/2019,QQQ,182.570007
22/03/2019,QQQ,178.559998
25/03/2019,QQQ,178.220001
26/03/2019,QQQ,179.050003
27/03/2019,QQQ,177.899994
28/03/2019,QQQ,178.309998
29/03/2019,QQQ,179.660004
01/04/2019,QQQ,182.039993
02/04/2019,QQQ,182.729996
03/04/2019,QQQ,183.779999
04/04/2019,QQQ,183.710007
05/04/2019,QQQ,184.660004
08/04/2019,QQQ,185.130005
09/04/2019,QQQ,184.479996
10/04/2019,QQQ,185.470001
11/04/2019,QQQ,185.029999
12/04/2019,QQQ,185.830002
15/04/2019,QQQ,185.860001
16/04/2019,QQQ,186.5
17/04/2019,QQQ,187.149994
18/04/2019,QQQ,187.389999
22/04/2019,QQQ,187.919998
23/04/2019,QQQ,190.309998
24/04/2019,QQQ,189.710007
25/04/2019,QQQ,190.479996
26/04/2019,QQQ,190.649994
29/04/2019,QQQ,191.020004
30/04/2019,QQQ,189.539993
01/05/2019,QQQ,188.929993
02/05/2019,QQQ,188.110001
03/05/2019,QQQ,191.110001
06/05/2019,QQQ,189.940002
07/05/2019,QQQ,186.240005
08/05/2019,QQQ,185.770004
09/05/2019,QQQ,184.770004
10/05/2019,QQQ,185
13/05/2019,QQQ,178.580002
14/05/2019,QQQ,180.539993
15/05/2019,QQQ,183.089996
16/05/2019,QQQ,184.929993
17/05/2019,QQQ,183.039993
20/05/2019,QQQ,179.949997
21/05/2019,QQQ,181.830002
22/05/2019,QQQ,181.020004
23/05/2019,QQQ,178.25
24/05/2019,QQQ,178.160004
28/05/2019,QQQ,177.490005
29/05/2019,QQQ,176.029999
30/05/2019,QQQ,176.770004
31/05/2019,QQQ,173.949997
03/06/2019,QQQ,170.119995
04/06/2019,QQQ,174.910004
05/06/2019,QQQ,176.210007
06/06/2019,QQQ,177.610001
07/06/2019,QQQ,181.039993
10/06/2019,QQQ,183.149994
11/06/2019,QQQ,183.399994
12/06/2019,QQQ,182.339996
13/06/2019,QQQ,183.419998
14/06/2019,QQQ,182.639999
17/06/2019,QQQ,183.740005
18/06/2019,QQQ,186.410004
19/06/2019,QQQ,187.110001
20/06/2019,QQQ,188.850006
21/06/2019,QQQ,188.570007
24/06/2019,QQQ,188.160004
25/06/2019,QQQ,184.929993
26/06/2019,QQQ,185.789993
27/06/2019,QQQ,186.5
28/06/2019,QQQ,186.740005
01/07/2019,QQQ,189.259995
02/07/2019,QQQ,190.009995
03/07/2019,QQQ,191.440002
05/07/2019,QQQ,191.050003
08/07/2019,QQQ,189.710007
09/07/2019,QQQ,190.660004
10/07/2019,QQQ,192.559998
11/07/2019,QQQ,192.419998
12/07/2019,QQQ,193.529999
15/07/2019,QQQ,194.149994
16/07/2019,QQQ,193.149994
17/07/2019,QQQ,192.199997
18/07/2019,QQQ,192.419998
19/07/2019,QQQ,191.009995
22/07/2019,QQQ,192.529999
23/07/2019,QQQ,193.789993
24/07/2019,QQQ,195.149994
25/07/2019,QQQ,193.300003
26/07/2019,QQQ,195.289993
29/07/2019,QQQ,194.619995
30/07/2019,QQQ,193.779999
31/07/2019,QQQ,191.100006
01/08/2019,QQQ,190.149994
02/08/2019,QQQ,187.350006
05/08/2019,QQQ,180.729996
06/08/2019,QQQ,183.259995
07/08/2019,QQQ,184.25
08/08/2019,QQQ,188.259995
09/08/2019,QQQ,186.490005
12/08/2019,QQQ,184.350006
13/08/2019,QQQ,188.389999
14/08/2019,QQQ,182.759995
15/08/2019,QQQ,182.550003
16/08/2019,QQQ,185.479996
19/08/2019,QQQ,188.429993
20/08/2019,QQQ,186.970001
21/08/2019,QQQ,188.630005
22/08/2019,QQQ,188.020004
23/08/2019,QQQ,182.070007
26/08/2019,QQQ,184.820007
27/08/2019,QQQ,184.429993
28/08/2019,QQQ,185.089996
29/08/2019,QQQ,187.919998
30/08/2019,QQQ,187.470001
03/09/2019,QQQ,185.649994
04/09/2019,QQQ,188.330002
05/09/2019,QQQ,191.779999
06/09/2019,QQQ,191.589996
09/09/2019,QQQ,191.190002
10/09/2019,QQQ,190.639999
11/09/2019,QQQ,192.429993
12/09/2019,QQQ,193.229996
13/09/2019,QQQ,192.539993
16/09/2019,QQQ,191.679993
17/09/2019,QQQ,192.600006
18/09/2019,QQQ,192.520004
19/09/2019,QQQ,192.839996
20/09/2019,QQQ,190.800003
23/09/2019,QQQ,190.5
24/09/2019,QQQ,187.970001
25/09/2019,QQQ,190.080002
26/09/2019,QQQ,189.380005
27/09/2019,QQQ,187.029999
30/09/2019,QQQ,188.809998
01/10/2019,QQQ,187.270004
02/10/2019,QQQ,184.050003
03/10/2019,QQQ,186.070007
04/10/2019,QQQ,188.809998
07/10/2019,QQQ,188.240005
08/10/2019,QQQ,185.419998
09/10/2019,QQQ,187.229996
10/10/2019,QQQ,188.679993
11/10/2019,QQQ,191.110001
14/10/2019,QQQ,191.089996
15/10/2019,QQQ,193.520004
16/10/2019,QQQ,193.039993
17/10/2019,QQQ,193.550003
18/10/2019,QQQ,191.690002
21/10/2019,QQQ,193.389999
22/10/2019,QQQ,191.850006
23/10/2019,QQQ,192.220001
24/10/2019,QQQ,194.089996
25/10/2019,QQQ,195.639999
28/10/2019,QQQ,197.570007
29/10/2019,QQQ,196.039993
30/10/2019,QQQ,196.990005
31/10/2019,QQQ,197.080002
01/11/2019,QQQ,198.869995
04/11/2019,QQQ,200.100006
05/11/2019,QQQ,200.210007
06/11/2019,QQQ,199.759995
07/11/2019,QQQ,200.429993
08/11/2019,QQQ,201.229996
11/11/2019,QQQ,200.960007
12/11/2019,QQQ,201.539993
13/11/2019,QQQ,201.589996
14/11/2019,QQQ,201.429993
15/11/2019,QQQ,202.910004
18/11/2019,QQQ,203.070007
19/11/2019,QQQ,203.369995
20/11/2019,QQQ,202.149994
21/11/2019,QQQ,201.699997
22/11/2019,QQQ,201.830002
25/11/2019,QQQ,204.220001
26/11/2019,QQQ,204.610001
27/11/2019,QQQ,206.039993
29/11/2019,QQQ,205.100006
02/12/2019,QQQ,203
03/12/2019,QQQ,201.410004
04/12/2019,QQQ,202.429993
05/12/2019,QQQ,202.830002
06/12/2019,QQQ,205
09/12/2019,QQQ,204.070007
10/12/2019,QQQ,203.899994
11/12/2019,QQQ,204.979996
12/12/2019,QQQ,206.509995
13/12/2019,QQQ,207.190002
16/12/2019,QQQ,209.270004
17/12/2019,QQQ,209.389999
18/12/2019,QQQ,209.550003
19/12/2019,QQQ,210.860001
20/12/2019,QQQ,211.710007
23/12/2019,QQQ,211.809998
24/12/2019,QQQ,211.919998
26/12/2019,QQQ,213.789993
27/12/2019,QQQ,213.610001
30/12/2019,QQQ,212.210007
31/12/2019,QQQ,212.610001
02/01/2020,QQQ,216.160004
03/01/2020,QQQ,214.179993
06/01/2020,QQQ,215.559998
07/01/2020,QQQ,215.529999
08/01/2020,QQQ,217.149994
09/01/2020,QQQ,218.990005
10/01/2020,QQQ,218.429993
13/01/2020,QQQ,220.949997
14/01/2020,QQQ,220.080002
15/01/2020,QQQ,220.169998
16/01/2020,QQQ,222.279999
17/01/2020,QQQ,223.380005
21/01/2020,QQQ,223.279999
22/01/2020,QQQ,223.869995
23/01/2020,QQQ,224.589996
24/01/2020,QQQ,222.699997
27/01/2020,QQQ,218.100006
28/01/2020,QQQ,221.449997
29/01/2020,QQQ,221.809998
30/01/2020,QQQ,222.600006
31/01/2020,QQQ,219.070007
03/02/2020,QQQ,222.380005
04/02/2020,QQQ,227.470001
05/02/2020,QQQ,228.220001
06/02/2020,QQQ,230.190002
07/02/2020,QQQ,229.199997
10/02/2020,QQQ,231.970001
11/02/2020,QQQ,232.009995
12/02/2020,QQQ,234.270004
13/02/2020,QQQ,233.970001
14/02/2020,QQQ,234.639999
18/02/2020,QQQ,234.729996
19/02/2020,QQQ,236.979996
20/02/2020,QQQ,234.779999
21/02/2020,QQQ,230.270004
24/02/2020,QQQ,221.389999
25/02/2020,QQQ,215.369995
26/02/2020,QQQ,216.479996
27/02/2020,QQQ,205.639999
28/02/2020,QQQ,205.800003
02/03/2020,QQQ,216.419998
03/03/2020,QQQ,209.479996
04/03/2020,QQQ,218.220001
05/03/2020,QQQ,211.589996
06/03/2020,QQQ,208.020004
09/03/2020,QQQ,193.570007
10/03/2020,QQQ,204.110001
11/03/2020,QQQ,195.220001
12/03/2020,QQQ,177.320007
13/03/2020,QQQ,192.339996
16/03/2020,QQQ,169.300003
17/03/2020,QQQ,182.139999
18/03/2020,QQQ,176.600006
19/03/2020,QQQ,177.660004
20/03/2020,QQQ,170.699997
23/03/2020,QQQ,170.460007
24/03/2020,QQQ,183.660004
25/03/2020,QQQ,182.300003
26/03/2020,QQQ,191.899994
27/03/2020,QQQ,185.300003
30/03/2020,QQQ,192.039993
31/03/2020,QQQ,190.399994
01/04/2020,QQQ,182.309998
02/04/2020,QQQ,186.009995
03/04/2020,QQQ,183.369995
06/04/2020,QQQ,196.479996
07/04/2020,QQQ,196.399994
08/04/2020,QQQ,200.570007
09/04/2020,QQQ,200.860001
13/04/2020,QQQ,203.029999
14/04/2020,QQQ,211.860001
15/04/2020,QQQ,209.429993
16/04/2020,QQQ,213.25
17/04/2020,QQQ,215.289993
20/04/2020,QQQ,212.740005
21/04/2020,QQQ,204.889999
22/04/2020,QQQ,210.970001
23/04/2020,QQQ,210.520004
24/04/2020,QQQ,213.839996
27/04/2020,QQQ,215.559998
28/04/2020,QQQ,211.5
29/04/2020,QQQ,219
30/04/2020,QQQ,218.910004
01/05/2020,QQQ,212.740005
04/05/2020,QQQ,215.220001
05/05/2020,QQQ,217.660004
06/05/2020,QQQ,219
07/05/2020,QQQ,221.820007
08/05/2020,QQQ,224.860001
11/05/2020,QQQ,226.869995
12/05/2020,QQQ,222.119995
13/05/2020,QQQ,219.339996
14/05/2020,QQQ,221.830002
15/05/2020,QQQ,223.270004
18/05/2020,QQQ,227.429993
19/05/2020,QQQ,226.860001
20/05/2020,QQQ,231.389999
21/05/2020,QQQ,228.869995
22/05/2020,QQQ,229.660004
26/05/2020,QQQ,229.039993
27/05/2020,QQQ,230.289993
28/05/2020,QQQ,229.990005
29/05/2020,QQQ,233.360001
01/06/2020,QQQ,234.059998
02/06/2020,QQQ,235.630005
03/06/2020,QQQ,236.690002
04/06/2020,QQQ,235.029999
05/06/2020,QQQ,239.690002
08/06/2020,QQQ,241.550003
09/06/2020,QQQ,243.300003
10/06/2020,QQQ,246.220001
11/06/2020,QQQ,234.020004
12/06/2020,QQQ,235.880005
15/06/2020,QQQ,238.75
16/06/2020,QQQ,242.850006
17/06/2020,QQQ,243.619995
18/06/2020,QQQ,244.279999
19/06/2020,QQQ,244.240005
22/06/2020,QQQ,246.740005
23/06/2020,QQQ,248.839996
24/06/2020,QQQ,243.710007
25/06/2020,QQQ,246.029999
26/06/2020,QQQ,240.220001
29/06/2020,QQQ,242.839996
30/06/2020,QQQ,247.600006
01/07/2020,QQQ,250.490005
02/07/2020,QQQ,252.190002
06/07/2020,QQQ,258.390015
07/07/2020,QQQ,256.609985
08/07/2020,QQQ,259.98999
09/07/2020,QQQ,262.179993
10/07/2020,QQQ,263.970001
13/07/2020,QQQ,258.540009
14/07/2020,QQQ,260.369995
15/07/2020,QQQ,260.899994
16/07/2020,QQQ,259.119995
17/07/2020,QQQ,259.420013
20/07/2020,QQQ,266.779999
21/07/2020,QQQ,264
22/07/2020,QQQ,264.929993
23/07/2020,QQQ,258.01001
24/07/2020,QQQ,255.559998
27/07/2020,QQQ,260.119995
28/07/2020,QQQ,256.809998
29/07/2020,QQQ,259.769989
30/07/2020,QQQ,261.130005
31/07/2020,QQQ,265.790009
03/08/2020,QQQ,269.380005
04/08/2020,QQQ,270.380005
05/08/2020,QQQ,271.049988
06/08/2020,QQQ,274.640015
07/08/2020,QQQ,271.470001
10/08/2020,QQQ,270.309998
11/08/2020,QQQ,265.190002
12/08/2020,QQQ,271.859985
13/08/2020,QQQ,272.480011
14/08/2020,QQQ,272.160004
17/08/2020,QQQ,275.320007
18/08/2020,QQQ,277.970001
19/08/2020,QQQ,276.100006
20/08/2020,QQQ,279.929993
21/08/2020,QQQ,281.869995
24/08/2020,QQQ,283.630005
25/08/2020,QQQ,285.859985
26/08/2020,QQQ,291.959991
27/08/2020,QQQ,291.049988
28/08/2020,QQQ,292.529999
31/08/2020,QQQ,294.880005
01/09/2020,QQQ,299.920013
02/09/2020,QQQ,302.76001
03/09/2020,QQQ,287.410004
04/09/2020,QQQ,283.579987
08/09/2020,QQQ,269.950012
09/09/2020,QQQ,277.880005
10/09/2020,QQQ,272.339996
11/09/2020,QQQ,270.450012
14/09/2020,QQQ,275.160004
15/09/2020,QQQ,279.059998
16/09/2020,QQQ,274.609985
17/09/2020,QQQ,270.320007
18/09/2020,QQQ,266.869995
21/09/2020,QQQ,267.51001
22/09/2020,QQQ,272.480011
23/09/2020,QQQ,264.160004
24/09/2020,QQQ,265.390015
25/09/2020,QQQ,271.559998
28/09/2020,QQQ,277.200012
29/09/2020,QQQ,275.950012
30/09/2020,QQQ,277.839996
01/10/2020,QQQ,282.25
02/10/2020,QQQ,274.309998
05/10/2020,QQQ,280.160004
06/10/2020,QQQ,275.160004
07/10/2020,QQQ,279.920013
08/10/2020,QQQ,281.410004
09/10/2020,QQQ,285.709991
12/10/2020,QQQ,294.529999
13/10/2020,QQQ,294.519989
14/10/2020,QQQ,292.059998
15/10/2020,QQQ,290.100006
16/10/2020,QQQ,288.51001
19/10/2020,QQQ,283.799988
20/10/2020,QQQ,284.410004
21/10/2020,QQQ,284.190002
22/10/2020,QQQ,284.179993
23/10/2020,QQQ,284.73999
26/10/2020,QQQ,280.470001
27/10/2020,QQQ,282.660004
28/10/2020,QQQ,271.640015
29/10/2020,QQQ,276.390015
30/10/2020,QQQ,269.380005
02/11/2020,QQQ,269.980011
03/11/2020,QQQ,274.649994
04/11/2020,QQQ,286.910004
05/11/2020,QQQ,294.390015
06/11/2020,QQQ,294.609985
09/11/2020,QQQ,288.589996
10/11/2020,QQQ,283.420013
11/11/2020,QQQ,289.76001
12/11/2020,QQQ,288.399994
13/11/2020,QQQ,290.929993
16/11/2020,QQQ,293.200012
17/11/2020,QQQ,292.269989
18/11/2020,QQQ,290.109985
19/11/2020,QQQ,292.380005
20/11/2020,QQQ,290.380005
23/11/2020,QQQ,290.390015
24/11/2020,QQQ,294.470001
25/11/2020,QQQ,296.279999
27/11/2020,QQQ,299.01001
30/11/2020,QQQ,299.619995
01/12/2020,QQQ,303.459991
02/12/2020,QQQ,303.850006
03/12/2020,QQQ,304.279999
04/12/2020,QQQ,305.519989
07/12/2020,QQQ,307.25
08/12/2020,QQQ,308.290009
09/12/2020,QQQ,301.309998
10/12/2020,QQQ,302.519989
11/12/2020,QQQ,301.850006
14/12/2020,QQQ,304.040009
15/12/2020,QQQ,307.290009
16/12/2020,QQQ,308.980011
17/12/2020,QQQ,311
18/12/2020,QQQ,310.059998
21/12/2020,QQQ,308.920013
22/12/2020,QQQ,309.76001
23/12/2020,QQQ,308.200012
24/12/2020,QQQ,309.559998
28/12/2020,QQQ,312.679993
29/12/2020,QQQ,312.959991
30/12/2020,QQQ,312.970001
31/12/2020,QQQ,313.73999
04/01/2021,QQQ,309.309998
05/01/2021,QQQ,311.859985
06/01/2021,QQQ,307.540009
07/01/2021,QQQ,314.980011
08/01/2021,QQQ,319.029999
11/01/2021,QQQ,314.420013
12/01/2021,QQQ,313.920013
13/01/2021,QQQ,316.040009
14/01/2021,QQQ,314.350006
15/01/2021,QQQ,311.859985
19/01/2021,QQQ,316.410004
20/01/2021,QQQ,323.769989
21/01/2021,QQQ,326.359985
22/01/2021,QQQ,325.420013
25/01/2021,QQQ,328.109985
26/01/2021,QQQ,328.589996
27/01/2021,QQQ,319.429993
28/01/2021,QQQ,321.320007
29/01/2021,QQQ,314.559998
01/02/2021,QQQ,322.420013
02/02/2021,QQQ,327.679993
03/02/2021,QQQ,326.380005
04/02/2021,QQQ,330.23999
05/02/2021,QQQ,331.359985
08/02/2021,QQQ,333.579987
09/02/2021,QQQ,333.51001
10/02/2021,QQQ,332.75
11/02/2021,QQQ,334.579987
12/02/2021,QQQ,336.450012
16/02/2021,QQQ,335.540009
17/02/2021,QQQ,333.929993
18/02/2021,QQQ,332.470001
19/02/2021,QQQ,331.019989
22/02/2021,QQQ,322.440002
23/02/2021,QQQ,321.480011
24/02/2021,QQQ,324.130005
25/02/2021,QQQ,312.829987
26/02/2021,QQQ,314.140015
01/03/2021,QQQ,323.589996
02/03/2021,QQQ,318.399994
03/03/2021,QQQ,309.160004
04/03/2021,QQQ,304.100006
05/03/2021,QQQ,308.679993
08/03/2021,QQQ,299.940002
09/03/2021,QQQ,311.769989
10/03/2021,QQQ,310.880005
11/03/2021,QQQ,318.040009
12/03/2021,QQQ,315.459991
15/03/2021,QQQ,318.829987
16/03/2021,QQQ,320.579987
17/03/2021,QQQ,321.899994
18/03/2021,QQQ,312.040009
19/03/2021,QQQ,313.140015
22/03/2021,QQQ,318.609985
23/03/2021,QQQ,317.220001
24/03/2021,QQQ,311.869995
25/03/2021,QQQ,311.329987
26/03/2021,QQQ,316
29/03/2021,QQQ,315.910004
30/03/2021,QQQ,314.320007
31/03/2021,QQQ,319.130005
01/04/2021,QQQ,324.570007
05/04/2021,QQQ,331.049988
06/04/2021,QQQ,330.820007
07/04/2021,QQQ,331.619995
08/04/2021,QQQ,335.079987
09/04/2021,QQQ,337.109985
12/04/2021,QQQ,336.670013
13/04/2021,QQQ,340.600006
14/04/2021,QQQ,336.51001
15/04/2021,QQQ,341.609985
16/04/2021,QQQ,342.01001
19/04/2021,QQQ,338.880005
20/04/2021,QQQ,336.410004
21/04/2021,QQQ,339.290009
22/04/2021,QQQ,335.200012
23/04/2021,QQQ,339.420013
26/04/2021,QQQ,341.630005
27/04/2021,QQQ,340.149994
28/04/2021,QQQ,339
29/04/2021,QQQ,340.220001
30/04/2021,QQQ,337.98999
03/05/2021,QQQ,336.190002
04/05/2021,QQQ,330.140015
05/05/2021,QQQ,329.029999
06/05/2021,QQQ,331.51001
07/05/2021,QQQ,334.200012
10/05/2021,QQQ,325.76001
11/05/2021,QQQ,325.309998
12/05/2021,QQQ,316.890015
13/05/2021,QQQ,319.339996
14/05/2021,QQQ,326.390015
17/05/2021,QQQ,324.410004
18/05/2021,QQQ,322.220001
19/05/2021,QQQ,322.589996
20/05/2021,QQQ,328.829987
21/05/2021,QQQ,327.01001
24/05/2021,QQQ,332.51001
25/05/2021,QQQ,332.970001
26/05/2021,QQQ,334.130005
27/05/2021,QQQ,332.880005
28/05/2021,QQQ,333.929993
01/06/2021,QQQ,332.820007
02/06/2021,QQQ,333.470001
03/06/2021,QQQ,330
04/06/2021,QQQ,335.600006
07/06/2021,QQQ,336.600006
08/06/2021,QQQ,336.76001
09/06/2021,QQQ,336.839996
10/06/2021,QQQ,340.350006
11/06/2021,QQQ,341.23999
14/06/2021,QQQ,344.51001
15/06/2021,QQQ,342.26001
16/06/2021,QQQ,341.01001
17/06/2021,QQQ,345.339996
18/06/2021,QQQ,342.630005
21/06/2021,QQQ,344.359985
22/06/2021,QQQ,347.570007
23/06/2021,QQQ,347.73999
24/06/2021,QQQ,349.890015
25/06/2021,QQQ,349.459991
28/06/2021,QQQ,353.709991
29/06/2021,QQQ,354.98999
30/06/2021,QQQ,354.429993
01/07/2021,QQQ,354.570007
02/07/2021,QQQ,358.640015
06/07/2021,QQQ,360.190002
07/07/2021,QQQ,360.950012
08/07/2021,QQQ,358.769989
09/07/2021,QQQ,361.01001
12/07/2021,QQQ,362.420013
13/07/2021,QQQ,362.420013
14/07/2021,QQQ,363.070007
15/07/2021,QQQ,360.519989
16/07/2021,QQQ,357.600006
19/07/2021,QQQ,354.670013
20/07/2021,QQQ,358.790009
21/07/2021,QQQ,361.559998
22/07/2021,QQQ,363.950012
23/07/2021,QQQ,368.200012
26/07/2021,QQQ,368.48999
27/07/2021,QQQ,364.429993
28/07/2021,QQQ,365.829987
29/07/2021,QQQ,366.480011
30/07/2021,QQQ,364.570007
02/08/2021,QQQ,364.600006
03/08/2021,QQQ,366.809998
04/08/2021,QQQ,367.339996
05/08/2021,QQQ,369.670013
06/08/2021,QQQ,368.049988
09/08/2021,QQQ,368.730011
10/08/2021,QQQ,366.839996
11/08/2021,QQQ,366.209991
12/08/2021,QQQ,367.529999
13/08/2021,QQQ,368.820007
16/08/2021,QQQ,368.980011
17/08/2021,QQQ,365.730011
18/08/2021,QQQ,362.209991
19/08/2021,QQQ,363.959991
20/08/2021,QQQ,367.730011
23/08/2021,QQQ,373.230011
24/08/2021,QQQ,374.369995
25/08/2021,QQQ,374.799988
26/08/2021,QQQ,372.420013
27/08/2021,QQQ,376.040009
30/08/2021,QQQ,380.26001
31/08/2021,QQQ,379.950012
01/09/2021,QQQ,380.579987
02/09/2021,QQQ,380.399994
03/09/2021,QQQ,381.570007
07/09/2021,QQQ,382.109985
08/09/2021,QQQ,380.779999
09/09/2021,QQQ,379.470001
10/09/2021,QQQ,376.589996
13/09/2021,QQQ,376.329987
14/09/2021,QQQ,375.26001
15/09/2021,QQQ,378.049988
16/09/2021,QQQ,378.309998
17/09/2021,QQQ,373.829987
20/09/2021,QQQ,365.700012
21/09/2021,QQQ,366.149994
22/09/2021,QQQ,369.570007
23/09/2021,QQQ,372.980011
24/09/2021,QQQ,373.329987
27/09/2021,QQQ,370.350006
28/09/2021,QQQ,359.869995
29/09/2021,QQQ,359.279999
30/09/2021,QQQ,357.959991
